Label,Brand,Name,Price,Rank,Ingredients,Combination,Dry,Normal,Oily,Sensitive,ALL_SKIN_TYPES_COUNT,Suitable_For_All_Skin
Sun Protect,FARMACY,FARMACY Unseen Sunscreen SPF 40 #1,87.77,3.8,"Water, Butylene Glycol, Salicylic Acid, Camellia Sinensis Leaf Extract, Sodium Hyaluronate",1,1,0,1,1,4,No
Moisturizer,ESTÉE LAUDER,ESTÉE LAUDER Ultra Facial Cream #2,67.46,3.4,"Water, Butylene Glycol, Salicylic Acid, Camellia Sinensis Leaf Extract, Sodium Hyaluronate",0,1,0,1,1,3,No
Cleanser,KORA ORGANICS,KORA ORGANICS Kalie Squalane Cleanser #3,47.9,3.7,"Water, Lactic Acid, Glycolic Acid, Sodium Hydroxide, Centella Asiatica Extract, Allantoin",1,1,0,1,0,3,No
Treatment,SHISEIDO,SHISEIDO Luna Sleeping Night Oil #4,86.76,4.2,"Water, Retinol, Ceramide NP, Cholesterol, Phytosphingosine, Phenoxyethanol, Ethylhexylglycerin",1,0,1,0,1,3,No
Moisturizer,PAULA'S CHOICE,PAULA'S CHOICE The True Cream Aqua Bomb #5,108.73,4.7,"Water, Glycerin, Dimethicone, Niacinamide, Hyaluronic Acid, Squalane, Tocopherol",0,0,0,1,0,1,No
Treatment,OLEHENRIKSEN,OLEHENRIKSEN BHA Liquid Exfoliant #6,81.64,4.5,"Water, Titanium Dioxide, Zinc Oxide, Caprylic/Capric Triglyceride, Silica, Iron Oxides",1,1,1,0,1,4,No
Face Mask,HERBIVORE,HERBIVORE Sheet Mask Hydrating #7,83.18,3.7,"Water, Lactic Acid, Glycolic Acid, Sodium Hydroxide, Centella Asiatica Extract, Allantoin",1,1,1,1,1,5,Yes
Treatment,SUNDAY RILEY,SUNDAY RILEY BHA Liquid Exfoliant #8,102.53,4.3,"Water, Titanium Dioxide, Zinc Oxide, Caprylic/Capric Triglyceride, Silica, Iron Oxides",1,1,0,1,1,4,No
Cleanser,SHISEIDO,SHISEIDO Gentle Skin Cleanser #9,45.21,4.2,"Water, Lactic Acid, Glycolic Acid, Sodium Hydroxide, Centella Asiatica Extract, Allantoin",0,1,1,0,0,2,No
Eye Cream,LANEIGE,LANEIGE Banana Bright Eye Crème #10,89.0,4.7,"Water, Butylene Glycol, Salicylic Acid, Camellia Sinensis Leaf Extract, Sodium Hyaluronate",1,1,1,1,1,5,Yes
Eye Cream,DERMALOGICA,DERMALOGICA Lightful C Eye Cream #11,45.62,4.2,"Water, Glycerin, Dimethicone, Niacinamide, Hyaluronic Acid, Squalane, Tocopherol",1,0,1,1,0,3,No
Face Mask,FRESH,FRESH Babyfacial AHA/BHA Mask #12,24.28,4.5,"Water, Titanium Dioxide, Zinc Oxide, Caprylic/Capric Triglyceride, Silica, Iron Oxides",1,1,1,1,0,4,No
Cleanser,MURAD,MURAD Gentle Skin Cleanser #13,70.39,4.6,"Water, Ascorbic Acid, Ferulic Acid, Panthenol, Xanthan Gum, Citric Acid, Disodium EDTA",1,0,0,1,1,3,No
Treatment,FIRST AID BEAUTY,FIRST AID BEAUTY BHA Liquid Exfoliant #14,28.98,4.7,"Water, Glycerin, Dimethicone, Niacinamide, Hyaluronic Acid, Squalane, Tocopherol",1,1,1,0,0,3,No
Sun Protect,MARIO BADESCU,MARIO BADESCU Defense Refresh Setting Mist #15,38.2,4.2,"Water, Ascorbic Acid, Ferulic Acid, Panthenol, Xanthan Gum, Citric Acid, Disodium EDTA",0,1,1,1,1,4,No
Sun Protect,MURAD,MURAD UV Clear Broad-Spectrum #16,101.37,4.1,"Water, Butylene Glycol, Salicylic Acid, Camellia Sinensis Leaf Extract, Sodium Hyaluronate",1,1,1,1,0,4,No
Eye Cream,PAULA'S CHOICE,PAULA'S CHOICE Banana Bright Eye Crème #17,30.11,4.3,"Water, Butylene Glycol, Salicylic Acid, Camellia Sinensis Leaf Extract, Sodium Hyaluronate",1,1,1,1,0,4,No
Treatment,LANEIGE,LANEIGE BHA Liquid Exfoliant #18,70.37,4.5,"Water, Ascorbic Acid, Ferulic Acid, Panthenol, Xanthan Gum, Citric Acid, Disodium EDTA",0,1,0,1,0,2,No
Moisturizer,BELIF,BELIF Midnight Recovery Concentrate #19,54.47,4.0,"Water, Titanium Dioxide, Zinc Oxide, Caprylic/Capric Triglyceride, Silica, Iron Oxides",1,1,1,1,0,4,No
Moisturizer,THE ORDINARY,THE ORDINARY Ultra Facial Cream #20,9.85,4.1,"Water, Retinol, Ceramide NP, Cholesterol, Phytosphingosine, Phenoxyethanol, Ethylhexylglycerin",1,0,0,0,1,2,No
Face Mask,BELIF,BELIF Jet Lag Mask #21,80.08,4.2,"Water, Glycerin, Dimethicone, Niacinamide, Hyaluronic Acid, Squalane, Tocopherol",1,1,1,1,1,5,Yes
Face Mask,ESTÉE LAUDER,ESTÉE LAUDER Charcoal Pore Minimizing Mask #22,58.49,3.5,"Water, Retinol, Ceramide NP, Cholesterol, Phytosphingosine, Phenoxyethanol, Ethylhexylglycerin",1,1,1,1,0,4,No
Face Mask,LANEIGE,LANEIGE Water Sleeping Mask #23,40.33,3.7,"Water, Glycerin, Dimethicone, Niacinamide, Hyaluronic Acid, Squalane, Tocopherol",1,0,1,1,1,4,No
Eye Cream,KORA ORGANICS,KORA ORGANICS Autocorrect Brightening Eye Cream #24,28.89,4.2,"Water, Butylene Glycol, Salicylic Acid, Camellia Sinensis Leaf Extract, Sodium Hyaluronate",1,1,1,1,1,5,Yes
Eye Cream,THE ORDINARY,THE ORDINARY Lightful C Eye Cream #25,15.92,4.3,"Water, Retinol, Ceramide NP, Cholesterol, Phytosphingosine, Phenoxyethanol, Ethylhexylglycerin",1,0,1,1,0,3,No
Treatment,YOUTH TO THE PEOPLE,YOUTH TO THE PEOPLE Retinol Reform #26,81.77,3.8,"Water, Lactic Acid, Glycolic Acid, Sodium Hydroxide, Centella Asiatica Extract, Allantoin",1,1,0,1,1,4,No
Eye Cream,ESTÉE LAUDER,ESTÉE LAUDER Lightful C Eye Cream #27,46.81,4.8,"Water, Glycerin, Dimethicone, Niacinamide, Hyaluronic Acid, Squalane, Tocopherol",1,0,1,0,1,3,No
Eye Cream,FIRST AID BEAUTY,FIRST AID BEAUTY Lightful C Eye Cream #28,108.61,4.6,"Water, Ascorbic Acid, Ferulic Acid, Panthenol, Xanthan Gum, Citric Acid, Disodium EDTA",1,0,1,0,0,2,No
Moisturizer,BELIF,BELIF C-Firma Fresh Day Serum #29,37.37,3.8,"Water, Butylene Glycol, Salicylic Acid, Camellia Sinensis Leaf Extract, Sodium Hyaluronate",1,1,1,1,0,4,No
Moisturizer,KIEHL'S SINCE 1851,KIEHL'S SINCE 1851 Midnight Recovery Concentrate #30,95.32,3.5,"Water, Lactic Acid, Glycolic Acid, Sodium Hydroxide, Centella Asiatica Extract, Allantoin",1,0,1,1,1,4,No
Eye Cream,LA MER,LA MER Banana Bright Eye Crème #31,116.82,4.7,"Water, Butylene Glycol, Salicylic Acid, Camellia Sinensis Leaf Extract, Sodium Hyaluronate",1,0,1,1,0,3,No
Moisturizer,FIRST AID BEAUTY,FIRST AID BEAUTY Lala Retro Whipped Cream #32,101.31,4.6,"Water, Glycerin, Dimethicone, Niacinamide, Hyaluronic Acid, Squalane, Tocopherol",1,1,1,1,0,4,No
Eye Cream,DRAUNK ELEPHANT,DRAUNK ELEPHANT Lightful C Eye Cream #33,88.46,4.8,"Water, Butylene Glycol, Salicylic Acid, Camellia Sinensis Leaf Extract, Sodium Hyaluronate",1,1,0,1,0,3,No
Sun Protect,IT COSMETICS,IT COSMETICS UV Clear Broad-Spectrum #34,92.99,4.7,"Water, Butylene Glycol, Salicylic Acid, Camellia Sinensis Leaf Extract, Sodium Hyaluronate",1,1,1,1,1,5,Yes
Face Mask,PAULA'S CHOICE,PAULA'S CHOICE Water Sleeping Mask #35,94.23,4.1,"Water, Lactic Acid, Glycolic Acid, Sodium Hydroxide, Centella Asiatica Extract, Allantoin",1,1,1,0,1,4,No
Treatment,HERBIVORE,HERBIVORE Good Genes All-In-One Lactic Acid #36,107.15,3.8,"Water, Titanium Dioxide, Zinc Oxide, Caprylic/Capric Triglyceride, Silica, Iron Oxides",0,0,1,1,0,2,No
Cleanser,SHISEIDO,SHISEIDO Soy Face Cleanser #37,33.32,4.1,"Water, Titanium Dioxide, Zinc Oxide, Caprylic/Capric Triglyceride, Silica, Iron Oxides",1,1,1,1,0,4,No
Treatment,DRUNK ELEPHANT,DRUNK ELEPHANT Hyaluronic Acid 2% + B5 #38,24.15,4.8,"Water, Ascorbic Acid, Ferulic Acid, Panthenol, Xanthan Gum, Citric Acid, Disodium EDTA",1,0,0,1,0,2,No
Eye Cream,ORIGINS,ORIGINS Peptide Eye Complex #39,96.93,4.5,"Water, Lactic Acid, Glycolic Acid, Sodium Hydroxide, Centella Asiatica Extract, Allantoin",1,1,1,1,0,4,No
Eye Cream,CLINIQUE,CLINIQUE Autocorrect Brightening Eye Cream #40,60.16,4.8,"Water, Titanium Dioxide, Zinc Oxide, Caprylic/Capric Triglyceride, Silica, Iron Oxides",1,0,0,1,0,2,No
Treatment,ESTÉE LAUDER,ESTÉE LAUDER Hyaluronic Acid 2% + B5 #41,91.58,4.3,"Water, Lactic Acid, Glycolic Acid, Sodium Hydroxide, Centella Asiatica Extract, Allantoin",0,1,0,0,1,2,No
Sun Protect,FRESH,FRESH Hydro UV Defense SPF 50 #42,31.29,4.2,"Water, Titanium Dioxide, Zinc Oxide, Caprylic/Capric Triglyceride, Silica, Iron Oxides",1,1,1,1,0,4,No
Cleanser,SEPHORA COLLECTION,SEPHORA COLLECTION Soy Face Cleanser #43,7.69,4.9,"Water, Ascorbic Acid, Ferulic Acid, Panthenol, Xanthan Gum, Citric Acid, Disodium EDTA",1,1,0,0,1,3,No
Face Mask,YOUTH TO THE PEOPLE,YOUTH TO THE PEOPLE Water Sleeping Mask #44,36.69,4.4,"Water, Glycerin, Dimethicone, Niacinamide, Hyaluronic Acid, Squalane, Tocopherol",0,1,1,1,1,4,No
Eye Cream,THE ORDINARY,THE ORDINARY Banana Bright Eye Crème #45,13.85,4.6,"Water, Titanium Dioxide, Zinc Oxide, Caprylic/Capric Triglyceride, Silica, Iron Oxides",1,1,0,1,0,3,No
Sun Protect,MARIO BADESCU,MARIO BADESCU UV Clear Broad-Spectrum #46,46.29,3.8,"Water, Titanium Dioxide, Zinc Oxide, Caprylic/Capric Triglyceride, Silica, Iron Oxides",1,1,1,1,1,5,Yes
Moisturizer,CAUDALIE,CAUDALIE Ultra Facial Cream #47,47.37,3.9,"Water, Ascorbic Acid, Ferulic Acid, Panthenol, Xanthan Gum, Citric Acid, Disodium EDTA",1,1,1,0,1,4,No
Sun Protect,SEPHORA COLLECTION,SEPHORA COLLECTION Hydro UV Defense SPF 50 #48,10.21,4.0,"Water, Lactic Acid, Glycolic Acid, Sodium Hydroxide, Centella Asiatica Extract, Allantoin",0,1,1,0,1,3,No
Face Mask,SK-II,SK-II Charcoal Pore Minimizing Mask #49,350.39,4.3,"Water, Retinol, Ceramide NP, Cholesterol, Phytosphingosine, Phenoxyethanol, Ethylhexylglycerin",1,0,1,1,1,4,No
Eye Cream,KATE SOMERVILLE,KATE SOMERVILLE Lightful C Eye Cream #50,101.21,4.1,"Water, Lactic Acid, Glycolic Acid, Sodium Hydroxide, Centella Asiatica Extract, Allantoin",0,1,1,1,0,3,No
Sun Protect,YOUTH TO THE PEOPLE,YOUTH TO THE PEOPLE Hydro UV Defense SPF 50 #51,38.19,4.1,"Water, Butylene Glycol, Salicylic Acid, Camellia Sinensis Leaf Extract, Sodium Hyaluronate",1,1,1,1,1,5,Yes
Cleanser,DERMALOGICA,DERMALOGICA Gentle Skin Cleanser #52,28.32,4.0,"Water, Butylene Glycol, Salicylic Acid, Camellia Sinensis Leaf Extract, Sodium Hyaluronate",0,0,1,1,0,2,No
Face Mask,SHISEIDO,SHISEIDO Charcoal Pore Minimizing Mask #53,31.04,3.4,"Water, Ascorbic Acid, Ferulic Acid, Panthenol, Xanthan Gum, Citric Acid, Disodium EDTA",1,0,1,1,1,4,No
Moisturizer,THE ORDINARY,THE ORDINARY Ultra Facial Cream #54,19.59,4.3,"Water, Butylene Glycol, Salicylic Acid, Camellia Sinensis Leaf Extract, Sodium Hyaluronate",1,1,1,0,1,4,No
Sun Protect,SHISEIDO,SHISEIDO City Sunscreen Serum #55,38.43,4.3,"Water, Titanium Dioxide, Zinc Oxide, Caprylic/Capric Triglyceride, Silica, Iron Oxides",1,1,1,1,1,5,Yes
Treatment,BIOSSANCE,BIOSSANCE Hyaluronic Acid 2% + B5 #56,104.97,3.7,"Water, Ascorbic Acid, Ferulic Acid, Panthenol, Xanthan Gum, Citric Acid, Disodium EDTA",1,1,1,1,1,5,Yes
Treatment,KATE SOMERVILLE,KATE SOMERVILLE Hyaluronic Acid 2% + B5 #57,80.89,3.5,"Water, Titanium Dioxide, Zinc Oxide, Caprylic/Capric Triglyceride, Silica, Iron Oxides",1,1,0,1,1,4,No
Face Mask,MURAD,MURAD Sheet Mask Hydrating #58,100.68,4.1,"Water, Butylene Glycol, Salicylic Acid, Camellia Sinensis Leaf Extract, Sodium Hyaluronate",0,1,1,1,1,4,No
Face Mask,HERBIVORE,HERBIVORE Superberry Hydrate + Glow Dream Mask #59,97.25,4.6,"Water, Glycerin, Dimethicone, Niacinamide, Hyaluronic Acid, Squalane, Tocopherol",1,1,1,1,1,5,Yes
Treatment,SK-II,SK-II Niacinamide 10% + Zinc 1% #60,341.78,3.7,"Water, Butylene Glycol, Salicylic Acid, Camellia Sinensis Leaf Extract, Sodium Hyaluronate",1,0,1,1,0,3,No
Eye Cream,LA MER,LA MER Lightful C Eye Cream #61,369.94,3.5,"Water, Titanium Dioxide, Zinc Oxide, Caprylic/Capric Triglyceride, Silica, Iron Oxides",0,1,1,1,1,4,No
Face Mask,SK-II,SK-II Jet Lag Mask #62,180.33,4.0,"Water, Butylene Glycol, Salicylic Acid, Camellia Sinensis Leaf Extract, Sodium Hyaluronate",1,0,0,1,1,3,No
Sun Protect,IT COSMETICS,IT COSMETICS City Sunscreen Serum #63,84.45,3.8,"Water, Lactic Acid, Glycolic Acid, Sodium Hydroxide, Centella Asiatica Extract, Allantoin",1,1,1,1,1,5,Yes
Sun Protect,KATE SOMERVILLE,KATE SOMERVILLE Hydro UV Defense SPF 50 #64,39.92,3.7,"Water, Retinol, Ceramide NP, Cholesterol, Phytosphingosine, Phenoxyethanol, Ethylhexylglycerin",1,0,1,0,0,2,No
Cleanser,MURAD,MURAD Gentle Skin Cleanser #65,50.0,4.5,"Water, Butylene Glycol, Salicylic Acid, Camellia Sinensis Leaf Extract, Sodium Hyaluronate",1,1,1,1,0,4,No
Sun Protect,LANEIGE,LANEIGE Unseen Sunscreen SPF 40 #66,99.05,4.3,"Water, Retinol, Ceramide NP, Cholesterol, Phytosphingosine, Phenoxyethanol, Ethylhexylglycerin",0,1,1,0,1,3,No
Treatment,MARIO BADESCU,MARIO BADESCU Good Genes All-In-One Lactic Acid #67,94.7,4.0,"Water, Glycerin, Dimethicone, Niacinamide, Hyaluronic Acid, Squalane, Tocopherol",1,1,1,1,1,5,Yes
Cleanser,FARMACY,FARMACY Foaming Facial Cleanser #68,76.14,4.6,"Water, Butylene Glycol, Salicylic Acid, Camellia Sinensis Leaf Extract, Sodium Hyaluronate",0,1,0,1,1,3,No
Treatment,TATCHA,TATCHA Good Genes All-In-One Lactic Acid #69,369.8,3.7,"Water, Butylene Glycol, Salicylic Acid, Camellia Sinensis Leaf Extract, Sodium Hyaluronate",1,1,1,0,0,3,No
Eye Cream,SUNDAY RILEY,SUNDAY RILEY Autocorrect Brightening Eye Cream #70,24.23,4.1,"Water, Ascorbic Acid, Ferulic Acid, Panthenol, Xanthan Gum, Citric Acid, Disodium EDTA",0,0,1,0,0,1,No
Sun Protect,CAUDALIE,CAUDALIE Hydro UV Defense SPF 50 #71,97.93,3.5,"Water, Butylene Glycol, Salicylic Acid, Camellia Sinensis Leaf Extract, Sodium Hyaluronate",1,1,0,1,0,3,No
Sun Protect,SEPHORA COLLECTION,SEPHORA COLLECTION City Sunscreen Serum #72,19.4,3.5,"Water, Butylene Glycol, Salicylic Acid, Camellia Sinensis Leaf Extract, Sodium Hyaluronate",1,0,0,1,1,3,No
Sun Protect,FIRST AID BEAUTY,FIRST AID BEAUTY Hydro UV Defense SPF 50 #73,58.62,3.8,"Water, Ascorbic Acid, Ferulic Acid, Panthenol, Xanthan Gum, Citric Acid, Disodium EDTA",0,1,1,1,1,4,No
Sun Protect,ORIGINS,ORIGINS Defense Refresh Setting Mist #74,45.53,3.5,"Water, Titanium Dioxide, Zinc Oxide, Caprylic/Capric Triglyceride, Silica, Iron Oxides",1,0,1,0,1,3,No
Eye Cream,SUPERGOOP!,SUPERGOOP! Concentrate Eye Cream #75,39.61,4.3,"Water, Titanium Dioxide, Zinc Oxide, Caprylic/Capric Triglyceride, Silica, Iron Oxides",0,1,0,1,1,3,No
Treatment,ORIGINS,ORIGINS Good Genes All-In-One Lactic Acid #76,97.77,3.9,"Water, Titanium Dioxide, Zinc Oxide, Caprylic/Capric Triglyceride, Silica, Iron Oxides",0,0,0,1,1,2,No
Moisturizer,ORIGINS,ORIGINS The True Cream Aqua Bomb #77,51.8,4.9,"Water, Retinol, Ceramide NP, Cholesterol, Phytosphingosine, Phenoxyethanol, Ethylhexylglycerin",1,1,0,1,0,3,No
Eye Cream,MURAD,MURAD Lightful C Eye Cream #78,89.05,4.3,"Water, Glycerin, Dimethicone, Niacinamide, Hyaluronic Acid, Squalane, Tocopherol",1,0,1,1,1,4,No
Sun Protect,LANEIGE,LANEIGE Unseen Sunscreen SPF 40 #79,26.48,4.3,"Water, Butylene Glycol, Salicylic Acid, Camellia Sinensis Leaf Extract, Sodium Hyaluronate",1,0,1,1,1,4,No
Cleanser,FARMACY,FARMACY Micellar Cleansing Water #80,105.45,4.4,"Water, Butylene Glycol, Salicylic Acid, Camellia Sinensis Leaf Extract, Sodium Hyaluronate",0,0,1,1,1,3,No
Face Mask,THE ORDINARY,THE ORDINARY Babyfacial AHA/BHA Mask #81,15.27,4.0,"Water, Ascorbic Acid, Ferulic Acid, Panthenol, Xanthan Gum, Citric Acid, Disodium EDTA",1,1,1,1,0,4,No
Eye Cream,HERBIVORE,HERBIVORE Banana Bright Eye Crème #82,48.32,3.8,"Water, Ascorbic Acid, Ferulic Acid, Panthenol, Xanthan Gum, Citric Acid, Disodium EDTA",0,1,0,1,0,2,No
Treatment,KATE SOMERVILLE,KATE SOMERVILLE Hyaluronic Acid 2% + B5 #83,63.16,3.9,"Water, Butylene Glycol, Salicylic Acid, Camellia Sinensis Leaf Extract, Sodium Hyaluronate",1,1,1,1,1,5,Yes
Treatment,MARIO BADESCU,MARIO BADESCU Hyaluronic Acid 2% + B5 #84,57.2,4.4,"Water, Titanium Dioxide, Zinc Oxide, Caprylic/Capric Triglyceride, Silica, Iron Oxides",1,1,1,0,0,3,No
Moisturizer,SUPERGOOP!,SUPERGOOP! The Water Cream #85,69.23,4.1,"Water, Titanium Dioxide, Zinc Oxide, Caprylic/Capric Triglyceride, Silica, Iron Oxides",1,1,1,1,1,5,Yes
Treatment,IT COSMETICS,IT COSMETICS Hyaluronic Acid 2% + B5 #86,79.89,4.7,"Water, Titanium Dioxide, Zinc Oxide, Caprylic/Capric Triglyceride, Silica, Iron Oxides",0,0,0,1,1,2,No
Cleanser,CAUDALIE,CAUDALIE Special Cleansing Gel #87,88.22,4.1,"Water, Glycerin, Dimethicone, Niacinamide, Hyaluronic Acid, Squalane, Tocopherol",1,1,1,1,1,5,Yes
Moisturizer,ORIGINS,ORIGINS Crème de la Mer #88,49.23,4.0,"Water, Butylene Glycol, Salicylic Acid, Camellia Sinensis Leaf Extract, Sodium Hyaluronate",1,1,1,0,0,3,No
Moisturizer,BIOSSANCE,BIOSSANCE Dewy Skin Cream #89,82.75,4.1,"Water, Ascorbic Acid, Ferulic Acid, Panthenol, Xanthan Gum, Citric Acid, Disodium EDTA",1,1,0,1,1,4,No
Treatment,LA MER,LA MER Niacinamide 10% + Zinc 1% #90,356.35,4.4,"Water, Butylene Glycol, Salicylic Acid, Camellia Sinensis Leaf Extract, Sodium Hyaluronate",1,1,1,1,1,5,Yes
Sun Protect,SHISEIDO,SHISEIDO UV Clear Broad-Spectrum #91,96.7,3.7,"Water, Retinol, Ceramide NP, Cholesterol, Phytosphingosine, Phenoxyethanol, Ethylhexylglycerin",0,1,1,1,0,3,No
Eye Cream,CAUDALIE,CAUDALIE Peptide Eye Complex #92,49.39,4.9,"Water, Titanium Dioxide, Zinc Oxide, Caprylic/Capric Triglyceride, Silica, Iron Oxides",0,0,1,1,1,3,No
Treatment,PAULA'S CHOICE,PAULA'S CHOICE Vitamin C Brightening Serum #93,42.83,3.7,"Water, Lactic Acid, Glycolic Acid, Sodium Hydroxide, Centella Asiatica Extract, Allantoin",1,1,1,1,1,5,Yes
Moisturizer,MURAD,MURAD Protini Polypeptide Cream #94,31.75,3.8,"Water, Titanium Dioxide, Zinc Oxide, Caprylic/Capric Triglyceride, Silica, Iron Oxides",0,1,1,0,0,2,No
Eye Cream,TULA,TULA Concentrate Eye Cream #95,95.42,3.8,"Water, Retinol, Ceramide NP, Cholesterol, Phytosphingosine, Phenoxyethanol, Ethylhexylglycerin",1,0,1,1,1,4,No
Cleanser,PAULA'S CHOICE,PAULA'S CHOICE Foaming Facial Cleanser #96,107.19,4.6,"Water, Lactic Acid, Glycolic Acid, Sodium Hydroxide, Centella Asiatica Extract, Allantoin",1,1,1,1,1,5,Yes
Face Mask,MURAD,MURAD Sheet Mask Hydrating #97,88.41,3.8,"Water, Retinol, Ceramide NP, Cholesterol, Phytosphingosine, Phenoxyethanol, Ethylhexylglycerin",1,1,1,1,1,5,Yes
Eye Cream,ORIGINS,ORIGINS Lightful C Eye Cream #98,43.04,3.5,"Water, Retinol, Ceramide NP, Cholesterol, Phytosphingosine, Phenoxyethanol, Ethylhexylglycerin",1,1,1,0,1,4,No
Moisturizer,FIRST AID BEAUTY,FIRST AID BEAUTY Honeymoon Glow AHA #99,33.99,3.8,"Water, Ascorbic Acid, Ferulic Acid, Panthenol, Xanthan Gum, Citric Acid, Disodium EDTA",1,1,0,1,1,4,No
Eye Cream,SEPHORA COLLECTION,SEPHORA COLLECTION Avocado Melt Retinol Eye Cream #100,16.82,4.7,"Water, Ascorbic Acid, Ferulic Acid, Panthenol, Xanthan Gum, Citric Acid, Disodium EDTA",0,0,1,1,0,2,No
Face Mask,SUPERGOOP!,SUPERGOOP! Water Sleeping Mask #101,97.57,3.5,"Water, Titanium Dioxide, Zinc Oxide, Caprylic/Capric Triglyceride, Silica, Iron Oxides",1,0,1,1,0,3,No
Cleanser,FARMACY,FARMACY Micellar Cleansing Water #102,31.88,3.7,"Water, Titanium Dioxide, Zinc Oxide, Caprylic/Capric Triglyceride, Silica, Iron Oxides",1,1,1,0,0,3,No
Eye Cream,ESTÉE LAUDER,ESTÉE LAUDER Banana Bright Eye Crème #103,95.36,4.2,"Water, Ascorbic Acid, Ferulic Acid, Panthenol, Xanthan Gum, Citric Acid, Disodium EDTA",1,1,1,0,1,4,No
Treatment,SEPHORA COLLECTION,SEPHORA COLLECTION Retinol Reform #104,15.1,4.6,"Water, Glycerin, Dimethicone, Niacinamide, Hyaluronic Acid, Squalane, Tocopherol",1,1,1,1,0,4,No
Eye Cream,ORIGINS,ORIGINS Banana Bright Eye Crème #105,38.99,3.5,"Water, Titanium Dioxide, Zinc Oxide, Caprylic/Capric Triglyceride, Silica, Iron Oxides",0,1,1,1,1,4,No
Treatment,TULA,TULA Good Genes All-In-One Lactic Acid #106,62.87,3.7,"Water, Ascorbic Acid, Ferulic Acid, Panthenol, Xanthan Gum, Citric Acid, Disodium EDTA",1,0,0,1,1,3,No
Face Mask,YOUTH TO THE PEOPLE,YOUTH TO THE PEOPLE Babyfacial AHA/BHA Mask #107,83.0,4.1,"Water, Retinol, Ceramide NP, Cholesterol, Phytosphingosine, Phenoxyethanol, Ethylhexylglycerin",1,1,1,0,1,4,No
Cleanser,HERBIVORE,HERBIVORE Kalie Squalane Cleanser #108,56.76,4.3,"Water, Lactic Acid, Glycolic Acid, Sodium Hydroxide, Centella Asiatica Extract, Allantoin",0,1,1,1,0,3,No
Face Mask,SUPERGOOP!,SUPERGOOP! Water Sleeping Mask #109,59.59,4.6,"Water, Retinol, Ceramide NP, Cholesterol, Phytosphingosine, Phenoxyethanol, Ethylhexylglycerin",0,1,1,1,0,3,No
Sun Protect,SHISEIDO,SHISEIDO City Sunscreen Serum #110,106.01,4.4,"Water, Retinol, Ceramide NP, Cholesterol, Phytosphingosine, Phenoxyethanol, Ethylhexylglycerin",1,1,1,1,1,5,Yes
Moisturizer,MURAD,MURAD Protini Polypeptide Cream #111,71.85,4.3,"Water, Ascorbic Acid, Ferulic Acid, Panthenol, Xanthan Gum, Citric Acid, Disodium EDTA",1,1,0,1,1,4,No
Sun Protect,TATCHA,TATCHA City Sunscreen Serum #112,269.12,3.9,"Water, Ascorbic Acid, Ferulic Acid, Panthenol, Xanthan Gum, Citric Acid, Disodium EDTA",1,1,0,0,1,3,No
Treatment,MURAD,MURAD Good Genes All-In-One Lactic Acid #113,89.58,4.3,"Water, Retinol, Ceramide NP, Cholesterol, Phytosphingosine, Phenoxyethanol, Ethylhexylglycerin",1,0,1,0,0,2,No
Sun Protect,FIRST AID BEAUTY,FIRST AID BEAUTY City Sunscreen Serum #114,54.19,3.7,"Water, Butylene Glycol, Salicylic Acid, Camellia Sinensis Leaf Extract, Sodium Hyaluronate",0,1,1,1,1,4,No
Sun Protect,KORA ORGANICS,KORA ORGANICS Mineral Mattescreen SPF 30 #115,56.35,4.1,"Water, Butylene Glycol, Salicylic Acid, Camellia Sinensis Leaf Extract, Sodium Hyaluronate",1,0,1,1,1,4,No
Cleanser,FRESH,FRESH Soy Face Cleanser #116,81.96,3.8,"Water, Titanium Dioxide, Zinc Oxide, Caprylic/Capric Triglyceride, Silica, Iron Oxides",0,1,0,1,0,2,No
Cleanser,TULA,TULA Green Clean Makeup Mending Cleansing Balm #117,53.68,3.6,"Water, Titanium Dioxide, Zinc Oxide, Caprylic/Capric Triglyceride, Silica, Iron Oxides",0,0,1,0,1,2,No
Eye Cream,TATCHA,TATCHA Banana Bright Eye Crème #118,154.28,4.8,"Water, Butylene Glycol, Salicylic Acid, Camellia Sinensis Leaf Extract, Sodium Hyaluronate",1,0,1,1,1,4,No
Face Mask,KORA ORGANICS,KORA ORGANICS Water Sleeping Mask #119,35.11,4.2,"Water, Butylene Glycol, Salicylic Acid, Camellia Sinensis Leaf Extract, Sodium Hyaluronate",1,1,0,1,1,4,No
Moisturizer,DERMALOGICA,DERMALOGICA The Water Cream #120,98.14,4.3,"Water, Ascorbic Acid, Ferulic Acid, Panthenol, Xanthan Gum, Citric Acid, Disodium EDTA",0,1,1,1,1,4,No
Moisturizer,ORIGINS,ORIGINS Protini Polypeptide Cream #121,92.91,4.3,"Water, Titanium Dioxide, Zinc Oxide, Caprylic/Capric Triglyceride, Silica, Iron Oxides",1,1,0,1,0,3,No
Face Mask,YOUTH TO THE PEOPLE,YOUTH TO THE PEOPLE Clay Detox Mask #122,30.76,4.7,"Water, Titanium Dioxide, Zinc Oxide, Caprylic/Capric Triglyceride, Silica, Iron Oxides",1,1,1,0,1,4,No
Eye Cream,FARMACY,FARMACY Lightful C Eye Cream #123,67.86,4.8,"Water, Lactic Acid, Glycolic Acid, Sodium Hydroxide, Centella Asiatica Extract, Allantoin",1,1,1,1,0,4,No
Treatment,LANCÔME,LANCÔME Retinol Reform #124,75.81,4.5,"Water, Titanium Dioxide, Zinc Oxide, Caprylic/Capric Triglyceride, Silica, Iron Oxides",1,1,0,1,1,4,No
Sun Protect,ORIGINS,ORIGINS Hydro UV Defense SPF 50 #125,51.19,4.1,"Water, Retinol, Ceramide NP, Cholesterol, Phytosphingosine, Phenoxyethanol, Ethylhexylglycerin",0,0,1,1,0,2,No
Eye Cream,SUNDAY RILEY,SUNDAY RILEY Concentrate Eye Cream #126,63.71,3.5,"Water, Lactic Acid, Glycolic Acid, Sodium Hydroxide, Centella Asiatica Extract, Allantoin",1,1,1,1,1,5,Yes
Eye Cream,DRUNK ELEPHANT,DRUNK ELEPHANT Avocado Melt Retinol Eye Cream #127,102.18,4.3,"Water, Butylene Glycol, Salicylic Acid, Camellia Sinensis Leaf Extract, Sodium Hyaluronate",1,1,1,1,1,5,Yes
Moisturizer,IT COSMETICS,IT COSMETICS The Water Cream #128,67.39,3.7,"Water, Butylene Glycol, Salicylic Acid, Camellia Sinensis Leaf Extract, Sodium Hyaluronate",0,1,1,1,0,3,No
Treatment,BIOSSANCE,BIOSSANCE Hyaluronic Acid 2% + B5 #129,90.6,4.4,"Water, Glycerin, Dimethicone, Niacinamide, Hyaluronic Acid, Squalane, Tocopherol",1,1,1,1,1,5,Yes
Treatment,SHISEIDO,SHISEIDO Retinol Reform #130,52.67,4.3,"Water, Butylene Glycol, Salicylic Acid, Camellia Sinensis Leaf Extract, Sodium Hyaluronate",1,0,0,0,1,2,No
Treatment,BIOSSANCE,BIOSSANCE Vitamin C Brightening Serum #131,93.93,4.4,"Water, Titanium Dioxide, Zinc Oxide, Caprylic/Capric Triglyceride, Silica, Iron Oxides",1,1,1,1,0,4,No
Treatment,GLOW RECIPE,GLOW RECIPE BHA Liquid Exfoliant #132,53.39,4.5,"Water, Butylene Glycol, Salicylic Acid, Camellia Sinensis Leaf Extract, Sodium Hyaluronate",1,1,1,1,0,4,No
Moisturizer,TULA,TULA C-Firma Fresh Day Serum #133,95.82,4.7,"Water, Glycerin, Dimethicone, Niacinamide, Hyaluronic Acid, Squalane, Tocopherol",1,1,0,0,0,2,No
Cleanser,FRESH,FRESH Micellar Cleansing Water #134,27.76,3.9,"Water, Titanium Dioxide, Zinc Oxide, Caprylic/Capric Triglyceride, Silica, Iron Oxides",1,1,1,1,0,4,No
Eye Cream,THE ORDINARY,THE ORDINARY Concentrate Eye Cream #135,21.48,4.6,"Water, Butylene Glycol, Salicylic Acid, Camellia Sinensis Leaf Extract, Sodium Hyaluronate",1,1,0,1,1,4,No
Eye Cream,KORA ORGANICS,KORA ORGANICS Avocado Melt Retinol Eye Cream #136,107.1,4.6,"Water, Ascorbic Acid, Ferulic Acid, Panthenol, Xanthan Gum, Citric Acid, Disodium EDTA",1,0,1,1,0,3,No
Eye Cream,BELIF,BELIF Peptide Eye Complex #137,96.75,4.7,"Water, Lactic Acid, Glycolic Acid, Sodium Hydroxide, Centella Asiatica Extract, Allantoin",1,1,1,1,0,4,No
Face Mask,KIEHL'S SINCE 1851,KIEHL'S SINCE 1851 Water Sleeping Mask #138,94.24,4.7,"Water, Glycerin, Dimethicone, Niacinamide, Hyaluronic Acid, Squalane, Tocopherol",0,1,0,1,0,2,No
Face Mask,KIEHL'S SINCE 1851,KIEHL'S SINCE 1851 Superberry Hydrate + Glow Dream Mask #139,43.31,3.9,"Water, Glycerin, Dimethicone, Niacinamide, Hyaluronic Acid, Squalane, Tocopherol",1,1,1,1,0,4,No
Face Mask,CLINIQUE,CLINIQUE Charcoal Pore Minimizing Mask #140,84.68,4.1,"Water, Glycerin, Dimethicone, Niacinamide, Hyaluronic Acid, Squalane, Tocopherol",1,1,1,0,0,3,No
Eye Cream,KORA ORGANICS,KORA ORGANICS Avocado Melt Retinol Eye Cream #141,33.56,3.8,"Water, Lactic Acid, Glycolic Acid, Sodium Hydroxide, Centella Asiatica Extract, Allantoin",1,1,1,1,1,5,Yes
Moisturizer,FARMACY,FARMACY Honeymoon Glow AHA #142,75.32,3.4,"Water, Ascorbic Acid, Ferulic Acid, Panthenol, Xanthan Gum, Citric Acid, Disodium EDTA",1,1,1,1,1,5,Yes
Eye Cream,OLEHENRIKSEN,OLEHENRIKSEN Autocorrect Brightening Eye Cream #143,73.08,3.7,"Water, Titanium Dioxide, Zinc Oxide, Caprylic/Capric Triglyceride, Silica, Iron Oxides",1,0,1,1,1,4,No
Face Mask,DRUNK ELEPHANT,DRUNK ELEPHANT Sheet Mask Hydrating #144,57.27,4.0,"Water, Titanium Dioxide, Zinc Oxide, Caprylic/Capric Triglyceride, Silica, Iron Oxides",1,0,1,1,0,3,No
Sun Protect,BELIF,BELIF Defense Refresh Setting Mist #145,87.23,3.9,"Water, Glycerin, Dimethicone, Niacinamide, Hyaluronic Acid, Squalane, Tocopherol",1,0,1,1,1,4,No
Sun Protect,GLOW RECIPE,GLOW RECIPE Mineral Mattescreen SPF 30 #146,29.43,4.6,"Water, Retinol, Ceramide NP, Cholesterol, Phytosphingosine, Phenoxyethanol, Ethylhexylglycerin",1,0,1,1,0,3,No
Moisturizer,ORIGINS,ORIGINS The True Cream Aqua Bomb #147,68.32,4.9,"Water, Ascorbic Acid, Ferulic Acid, Panthenol, Xanthan Gum, Citric Acid, Disodium EDTA",0,0,1,0,0,1,No
Treatment,TATCHA,TATCHA Vitamin C Brightening Serum #148,174.23,4.6,"Water, Retinol, Ceramide NP, Cholesterol, Phytosphingosine, Phenoxyethanol, Ethylhexylglycerin",0,1,0,1,0,2,No
Face Mask,LANEIGE,LANEIGE Superberry Hydrate + Glow Dream Mask #149,103.49,4.2,"Water, Glycerin, Dimethicone, Niacinamide, Hyaluronic Acid, Squalane, Tocopherol",0,1,0,0,0,1,No
Treatment,BELIF,BELIF Good Genes All-In-One Lactic Acid #150,52.2,3.8,"Water, Retinol, Ceramide NP, Cholesterol, Phytosphingosine, Phenoxyethanol, Ethylhexylglycerin",0,1,0,1,1,3,No
Moisturizer,OLEHENRIKSEN,OLEHENRIKSEN Dewy Skin Cream #151,109.84,3.8,"Water, Glycerin, Dimethicone, Niacinamide, Hyaluronic Acid, Squalane, Tocopherol",1,1,1,0,1,4,No
Cleanser,SUPERGOOP!,SUPERGOOP! Soy Face Cleanser #152,34.86,3.8,"Water, Titanium Dioxide, Zinc Oxide, Caprylic/Capric Triglyceride, Silica, Iron Oxides",1,0,0,1,0,2,No
Sun Protect,SUPERGOOP!,SUPERGOOP! City Sunscreen Serum #153,55.99,4.5,"Water, Ascorbic Acid, Ferulic Acid, Panthenol, Xanthan Gum, Citric Acid, Disodium EDTA",1,0,0,1,0,2,No
Cleanser,FARMACY,FARMACY Soy Face Cleanser #154,87.27,4.1,"Water, Retinol, Ceramide NP, Cholesterol, Phytosphingosine, Phenoxyethanol, Ethylhexylglycerin",1,0,1,1,0,3,No
Eye Cream,CAUDALIE,CAUDALIE Peptide Eye Complex #155,102.82,4.1,"Water, Glycerin, Dimethicone, Niacinamide, Hyaluronic Acid, Squalane, Tocopherol",1,1,0,0,1,3,No
Moisturizer,ORIGINS,ORIGINS Lala Retro Whipped Cream #156,85.02,4.2,"Water, Lactic Acid, Glycolic Acid, Sodium Hydroxide, Centella Asiatica Extract, Allantoin",1,1,1,1,0,4,No
Moisturizer,LANCÔME,LANCÔME Protini Polypeptide Cream #157,44.36,4.1,"Water, Lactic Acid, Glycolic Acid, Sodium Hydroxide, Centella Asiatica Extract, Allantoin",1,1,1,1,1,5,Yes
Treatment,YOUTH TO THE PEOPLE,YOUTH TO THE PEOPLE Niacinamide 10% + Zinc 1% #158,69.21,4.6,"Water, Ascorbic Acid, Ferulic Acid, Panthenol, Xanthan Gum, Citric Acid, Disodium EDTA",1,1,1,1,1,5,Yes
Face Mask,KORA ORGANICS,KORA ORGANICS Superberry Hydrate + Glow Dream Mask #159,35.04,4.6,"Water, Ascorbic Acid, Ferulic Acid, Panthenol, Xanthan Gum, Citric Acid, Disodium EDTA",1,1,0,1,1,4,No
Eye Cream,SEPHORA COLLECTION,SEPHORA COLLECTION Concentrate Eye Cream #160,9.47,3.9,"Water, Titanium Dioxide, Zinc Oxide, Caprylic/Capric Triglyceride, Silica, Iron Oxides",1,0,1,1,0,3,No
Cleanser,HERBIVORE,HERBIVORE Gentle Skin Cleanser #161,77.75,4.3,"Water, Glycerin, Dimethicone, Niacinamide, Hyaluronic Acid, Squalane, Tocopherol",1,1,1,1,1,5,Yes
Moisturizer,KIEHL'S SINCE 1851,KIEHL'S SINCE 1851 Crème de la Mer #162,105.58,4.6,"Water, Lactic Acid, Glycolic Acid, Sodium Hydroxide, Centella Asiatica Extract, Allantoin",1,1,1,1,0,4,No
Sun Protect,FIRST AID BEAUTY,FIRST AID BEAUTY UV Clear Broad-Spectrum #163,45.06,4.6,"Water, Retinol, Ceramide NP, Cholesterol, Phytosphingosine, Phenoxyethanol, Ethylhexylglycerin",1,1,1,1,0,4,No
Face Mask,DRAUNK ELEPHANT,DRAUNK ELEPHANT Babyfacial AHA/BHA Mask #164,63.94,3.9,"Water, Butylene Glycol, Salicylic Acid, Camellia Sinensis Leaf Extract, Sodium Hyaluronate",1,0,1,1,0,3,No
Treatment,TULA,TULA Good Genes All-In-One Lactic Acid #165,51.44,4.1,"Water, Lactic Acid, Glycolic Acid, Sodium Hydroxide, Centella Asiatica Extract, Allantoin",0,1,1,1,1,4,No
Treatment,BIOSSANCE,BIOSSANCE Hyaluronic Acid 2% + B5 #166,45.35,4.7,"Water, Butylene Glycol, Salicylic Acid, Camellia Sinensis Leaf Extract, Sodium Hyaluronate",1,0,1,0,1,3,No
Eye Cream,DERMALOGICA,DERMALOGICA Avocado Melt Retinol Eye Cream #167,99.6,4.1,"Water, Glycerin, Dimethicone, Niacinamide, Hyaluronic Acid, Squalane, Tocopherol",0,1,1,0,0,2,No
Moisturizer,TATCHA,TATCHA The True Cream Aqua Bomb #168,238.52,4.7,"Water, Titanium Dioxide, Zinc Oxide, Caprylic/Capric Triglyceride, Silica, Iron Oxides",0,0,1,1,1,3,No
Cleanser,SHISEIDO,SHISEIDO Kalie Squalane Cleanser #169,89.69,3.9,"Water, Retinol, Ceramide NP, Cholesterol, Phytosphingosine, Phenoxyethanol, Ethylhexylglycerin",1,1,1,1,1,5,Yes
Face Mask,TULA,TULA Babyfacial AHA/BHA Mask #170,89.74,3.8,"Water, Ascorbic Acid, Ferulic Acid, Panthenol, Xanthan Gum, Citric Acid, Disodium EDTA",1,1,1,1,0,4,No
Treatment,MURAD,MURAD Retinol Reform #171,41.12,4.2,"Water, Ascorbic Acid, Ferulic Acid, Panthenol, Xanthan Gum, Citric Acid, Disodium EDTA",1,1,1,0,0,3,No
Face Mask,KORA ORGANICS,KORA ORGANICS Babyfacial AHA/BHA Mask #172,36.81,4.7,"Water, Butylene Glycol, Salicylic Acid, Camellia Sinensis Leaf Extract, Sodium Hyaluronate",1,0,1,1,0,3,No
Eye Cream,IT COSMETICS,IT COSMETICS Lightful C Eye Cream #173,95.23,4.2,"Water, Titanium Dioxide, Zinc Oxide, Caprylic/Capric Triglyceride, Silica, Iron Oxides",1,1,1,1,0,4,No
Sun Protect,FARMACY,FARMACY UV Clear Broad-Spectrum #174,74.2,4.6,"Water, Titanium Dioxide, Zinc Oxide, Caprylic/Capric Triglyceride, Silica, Iron Oxides",1,1,1,0,1,4,No
Eye Cream,MARIO BADESCU,MARIO BADESCU Autocorrect Brightening Eye Cream #175,69.08,4.5,"Water, Retinol, Ceramide NP, Cholesterol, Phytosphingosine, Phenoxyethanol, Ethylhexylglycerin",1,1,1,1,0,4,No
Moisturizer,SUPERGOOP!,SUPERGOOP! Lala Retro Whipped Cream #176,60.02,4.0,"Water, Butylene Glycol, Salicylic Acid, Camellia Sinensis Leaf Extract, Sodium Hyaluronate",0,1,1,0,0,2,No
Eye Cream,ORIGINS,ORIGINS Peptide Eye Complex #177,65.14,4.0,"Water, Butylene Glycol, Salicylic Acid, Camellia Sinensis Leaf Extract, Sodium Hyaluronate",0,0,1,1,1,3,No
Cleanser,THE ORDINARY,THE ORDINARY Superfood Antioxidant Cleanser #178,15.37,3.7,"Water, Lactic Acid, Glycolic Acid, Sodium Hydroxide, Centella Asiatica Extract, Allantoin",1,1,0,1,1,4,No
Treatment,HERBIVORE,HERBIVORE Resurfacing Serum #179,34.48,4.4,"Water, Retinol, Ceramide NP, Cholesterol, Phytosphingosine, Phenoxyethanol, Ethylhexylglycerin",0,0,1,1,1,3,No
Treatment,KIEHL'S SINCE 1851,KIEHL'S SINCE 1851 Vitamin C Brightening Serum #180,103.46,4.4,"Water, Titanium Dioxide, Zinc Oxide, Caprylic/Capric Triglyceride, Silica, Iron Oxides",0,1,1,1,0,3,No
Cleanser,BELIF,BELIF Special Cleansing Gel #181,44.85,4.4,"Water, Ascorbic Acid, Ferulic Acid, Panthenol, Xanthan Gum, Citric Acid, Disodium EDTA",1,1,1,1,1,5,Yes
Treatment,MARIO BADESCU,MARIO BADESCU Good Genes All-In-One Lactic Acid #182,82.58,3.6,"Water, Ascorbic Acid, Ferulic Acid, Panthenol, Xanthan Gum, Citric Acid, Disodium EDTA",1,1,0,1,0,3,No
Treatment,ORIGINS,ORIGINS Resurfacing Serum #183,79.55,4.8,"Water, Glycerin, Dimethicone, Niacinamide, Hyaluronic Acid, Squalane, Tocopherol",1,1,1,1,0,4,No
Moisturizer,YOUTH TO THE PEOPLE,YOUTH TO THE PEOPLE Honeymoon Glow AHA #184,40.02,4.5,"Water, Lactic Acid, Glycolic Acid, Sodium Hydroxide, Centella Asiatica Extract, Allantoin",1,1,1,1,0,4,No
Treatment,DERMALOGICA,DERMALOGICA Niacinamide 10% + Zinc 1% #185,100.48,3.6,"Water, Ascorbic Acid, Ferulic Acid, Panthenol, Xanthan Gum, Citric Acid, Disodium EDTA",0,0,1,1,0,2,No
Cleanser,DERMALOGICA,DERMALOGICA Superfood Antioxidant Cleanser #186,85.8,3.4,"Water, Lactic Acid, Glycolic Acid, Sodium Hydroxide, Centella Asiatica Extract, Allantoin",1,1,1,1,1,5,Yes
Eye Cream,ORIGINS,ORIGINS Banana Bright Eye Crème #187,58.47,3.5,"Water, Butylene Glycol, Salicylic Acid, Camellia Sinensis Leaf Extract, Sodium Hyaluronate",0,0,1,1,0,2,No
Face Mask,THE ORDINARY,THE ORDINARY Babyfacial AHA/BHA Mask #188,18.31,4.8,"Water, Lactic Acid, Glycolic Acid, Sodium Hydroxide, Centella Asiatica Extract, Allantoin",1,0,1,0,1,3,No
Sun Protect,FARMACY,FARMACY UV Clear Broad-Spectrum #189,50.39,4.0,"Water, Ascorbic Acid, Ferulic Acid, Panthenol, Xanthan Gum, Citric Acid, Disodium EDTA",1,1,1,1,0,4,No
Cleanser,CLINIQUE,CLINIQUE Micellar Cleansing Water #190,37.17,4.5,"Water, Ascorbic Acid, Ferulic Acid, Panthenol, Xanthan Gum, Citric Acid, Disodium EDTA",1,1,0,0,0,2,No
Sun Protect,KIEHL'S SINCE 1851,KIEHL'S SINCE 1851 Defense Refresh Setting Mist #191,62.42,4.5,"Water, Glycerin, Dimethicone, Niacinamide, Hyaluronic Acid, Squalane, Tocopherol",1,1,1,0,0,3,No
Treatment,KORA ORGANICS,KORA ORGANICS Niacinamide 10% + Zinc 1% #192,34.0,3.7,"Water, Ascorbic Acid, Ferulic Acid, Panthenol, Xanthan Gum, Citric Acid, Disodium EDTA",0,1,0,1,1,3,No
Cleanser,TULA,TULA Foaming Facial Cleanser #193,63.28,3.5,"Water, Retinol, Ceramide NP, Cholesterol, Phytosphingosine, Phenoxyethanol, Ethylhexylglycerin",1,1,0,1,1,4,No
Sun Protect,ESTÉE LAUDER,ESTÉE LAUDER Defense Refresh Setting Mist #194,30.28,4.0,"Water, Titanium Dioxide, Zinc Oxide, Caprylic/Capric Triglyceride, Silica, Iron Oxides",1,1,1,1,1,5,Yes
Treatment,DRAUNK ELEPHANT,DRAUNK ELEPHANT Retinol Reform #195,90.13,4.5,"Water, Titanium Dioxide, Zinc Oxide, Caprylic/Capric Triglyceride, Silica, Iron Oxides",0,0,0,1,1,2,No
Face Mask,KIEHL'S SINCE 1851,KIEHL'S SINCE 1851 Sheet Mask Hydrating #196,106.92,4.7,"Water, Butylene Glycol, Salicylic Acid, Camellia Sinensis Leaf Extract, Sodium Hyaluronate",1,1,1,1,0,4,No
Sun Protect,PAULA'S CHOICE,PAULA'S CHOICE Unseen Sunscreen SPF 40 #197,89.03,4.9,"Water, Retinol, Ceramide NP, Cholesterol, Phytosphingosine, Phenoxyethanol, Ethylhexylglycerin",0,1,1,0,1,3,No
Treatment,SEPHORA COLLECTION,SEPHORA COLLECTION Resurfacing Serum #198,9.83,4.7,"Water, Glycerin, Dimethicone, Niacinamide, Hyaluronic Acid, Squalane, Tocopherol",1,1,1,0,0,3,No
Moisturizer,BELIF,BELIF Dewy Skin Cream #199,26.89,4.3,"Water, Titanium Dioxide, Zinc Oxide, Caprylic/Capric Triglyceride, Silica, Iron Oxides",1,1,1,1,1,5,Yes
Cleanser,KATE SOMERVILLE,KATE SOMERVILLE Special Cleansing Gel #200,88.88,4.6,"Water, Butylene Glycol, Salicylic Acid, Camellia Sinensis Leaf Extract, Sodium Hyaluronate",1,1,1,1,0,4,No
Treatment,SEPHORA COLLECTION,SEPHORA COLLECTION BHA Liquid Exfoliant #201,13.2,3.8,"Water, Ascorbic Acid, Ferulic Acid, Panthenol, Xanthan Gum, Citric Acid, Disodium EDTA",1,1,0,1,0,3,No
Sun Protect,BIOSSANCE,BIOSSANCE Defense Refresh Setting Mist #202,51.41,4.0,"Water, Butylene Glycol, Salicylic Acid, Camellia Sinensis Leaf Extract, Sodium Hyaluronate",1,1,1,1,0,4,No
Cleanser,FIRST AID BEAUTY,FIRST AID BEAUTY Gentle Skin Cleanser #203,93.3,4.8,"Water, Ascorbic Acid, Ferulic Acid, Panthenol, Xanthan Gum, Citric Acid, Disodium EDTA",0,1,1,1,0,3,No
Treatment,ESTÉE LAUDER,ESTÉE LAUDER Vitamin C Brightening Serum #204,79.62,4.8,"Water, Lactic Acid, Glycolic Acid, Sodium Hydroxide, Centella Asiatica Extract, Allantoin",1,1,1,1,1,5,Yes
Sun Protect,DRUNK ELEPHANT,DRUNK ELEPHANT Unseen Sunscreen SPF 40 #205,40.18,4.5,"Water, Titanium Dioxide, Zinc Oxide, Caprylic/Capric Triglyceride, Silica, Iron Oxides",1,1,1,1,0,4,No
Moisturizer,ESTÉE LAUDER,ESTÉE LAUDER Ultra Facial Cream #206,106.74,3.6,"Water, Retinol, Ceramide NP, Cholesterol, Phytosphingosine, Phenoxyethanol, Ethylhexylglycerin",1,1,0,0,0,2,No
Treatment,BIOSSANCE,BIOSSANCE Niacinamide 10% + Zinc 1% #207,69.89,3.9,"Water, Lactic Acid, Glycolic Acid, Sodium Hydroxide, Centella Asiatica Extract, Allantoin",1,1,0,1,1,4,No
Treatment,ESTÉE LAUDER,ESTÉE LAUDER Vitamin C Brightening Serum #208,50.91,3.5,"Water, Butylene Glycol, Salicylic Acid, Camellia Sinensis Leaf Extract, Sodium Hyaluronate",1,1,1,1,0,4,No
Cleanser,LANCÔME,LANCÔME Kalie Squalane Cleanser #209,43.78,4.3,"Water, Butylene Glycol, Salicylic Acid, Camellia Sinensis Leaf Extract, Sodium Hyaluronate",0,0,1,1,1,3,No
Face Mask,FRESH,FRESH Sheet Mask Hydrating #210,92.37,3.7,"Water, Titanium Dioxide, Zinc Oxide, Caprylic/Capric Triglyceride, Silica, Iron Oxides",0,1,1,1,1,4,No
Sun Protect,TATCHA,TATCHA Unseen Sunscreen SPF 40 #211,214.59,4.7,"Water, Butylene Glycol, Salicylic Acid, Camellia Sinensis Leaf Extract, Sodium Hyaluronate",1,1,1,0,1,4,No
Treatment,TATCHA,TATCHA Niacinamide 10% + Zinc 1% #212,286.19,3.4,"Water, Ascorbic Acid, Ferulic Acid, Panthenol, Xanthan Gum, Citric Acid, Disodium EDTA",0,1,1,1,0,3,No
Moisturizer,TULA,TULA Midnight Recovery Concentrate #213,93.33,4.8,"Water, Glycerin, Dimethicone, Niacinamide, Hyaluronic Acid, Squalane, Tocopherol",1,1,1,0,0,3,No
Treatment,HERBIVORE,HERBIVORE Hyaluronic Acid 2% + B5 #214,30.8,4.8,"Water, Retinol, Ceramide NP, Cholesterol, Phytosphingosine, Phenoxyethanol, Ethylhexylglycerin",1,1,1,1,1,5,Yes
Moisturizer,YOUTH TO THE PEOPLE,YOUTH TO THE PEOPLE Midnight Recovery Concentrate #215,56.44,4.1,"Water, Titanium Dioxide, Zinc Oxide, Caprylic/Capric Triglyceride, Silica, Iron Oxides",1,1,1,1,1,5,Yes
Sun Protect,IT COSMETICS,IT COSMETICS Defense Refresh Setting Mist #216,108.05,4.9,"Water, Ascorbic Acid, Ferulic Acid, Panthenol, Xanthan Gum, Citric Acid, Disodium EDTA",1,1,1,1,0,4,No
Moisturizer,SUNDAY RILEY,SUNDAY RILEY The True Cream Aqua Bomb #217,101.34,4.2,"Water, Glycerin, Dimethicone, Niacinamide, Hyaluronic Acid, Squalane, Tocopherol",1,0,1,0,0,2,No
Sun Protect,YOUTH TO THE PEOPLE,YOUTH TO THE PEOPLE Unseen Sunscreen SPF 40 #218,49.74,4.2,"Water, Ascorbic Acid, Ferulic Acid, Panthenol, Xanthan Gum, Citric Acid, Disodium EDTA",0,0,0,0,1,1,No
Eye Cream,OLEHENRIKSEN,OLEHENRIKSEN Banana Bright Eye Crème #219,32.4,3.7,"Water, Glycerin, Dimethicone, Niacinamide, Hyaluronic Acid, Squalane, Tocopherol",1,1,1,1,0,4,No
Face Mask,LANEIGE,LANEIGE Water Sleeping Mask #220,54.6,4.8,"Water, Retinol, Ceramide NP, Cholesterol, Phytosphingosine, Phenoxyethanol, Ethylhexylglycerin",1,1,1,1,0,4,No
Sun Protect,SUNDAY RILEY,SUNDAY RILEY Unseen Sunscreen SPF 40 #221,47.05,4.0,"Water, Titanium Dioxide, Zinc Oxide, Caprylic/Capric Triglyceride, Silica, Iron Oxides",1,1,1,1,1,5,Yes
Moisturizer,LA MER,LA MER The True Cream Aqua Bomb #222,223.97,4.5,"Water, Glycerin, Dimethicone, Niacinamide, Hyaluronic Acid, Squalane, Tocopherol",1,1,1,1,1,5,Yes
Eye Cream,TULA,TULA Avocado Melt Retinol Eye Cream #223,32.88,3.5,"Water, Ascorbic Acid, Ferulic Acid, Panthenol, Xanthan Gum, Citric Acid, Disodium EDTA",1,0,0,1,0,2,No
Face Mask,BIOSSANCE,BIOSSANCE Charcoal Pore Minimizing Mask #224,31.28,4.8,"Water, Butylene Glycol, Salicylic Acid, Camellia Sinensis Leaf Extract, Sodium Hyaluronate",1,1,1,0,0,3,No
Treatment,HERBIVORE,HERBIVORE Niacinamide 10% + Zinc 1% #225,36.55,3.7,"Water, Lactic Acid, Glycolic Acid, Sodium Hydroxide, Centella Asiatica Extract, Allantoin",0,0,0,1,0,1,No
Treatment,THE ORDINARY,THE ORDINARY Niacinamide 10% + Zinc 1% #226,15.91,3.7,"Water, Glycerin, Dimethicone, Niacinamide, Hyaluronic Acid, Squalane, Tocopherol",1,0,1,1,0,3,No
Eye Cream,BIOSSANCE,BIOSSANCE Concentrate Eye Cream #227,61.86,4.0,"Water, Titanium Dioxide, Zinc Oxide, Caprylic/Capric Triglyceride, Silica, Iron Oxides",1,0,1,0,1,3,No
Treatment,GLOW RECIPE,GLOW RECIPE Hyaluronic Acid 2% + B5 #228,107.31,3.8,"Water, Titanium Dioxide, Zinc Oxide, Caprylic/Capric Triglyceride, Silica, Iron Oxides",0,1,1,1,0,3,No
Face Mask,MURAD,MURAD Jet Lag Mask #229,104.16,3.7,"Water, Ascorbic Acid, Ferulic Acid, Panthenol, Xanthan Gum, Citric Acid, Disodium EDTA",1,1,0,0,1,3,No
Treatment,SUNDAY RILEY,SUNDAY RILEY Hyaluronic Acid 2% + B5 #230,81.88,3.6,"Water, Lactic Acid, Glycolic Acid, Sodium Hydroxide, Centella Asiatica Extract, Allantoin",1,0,1,1,1,4,No
Moisturizer,SUPERGOOP!,SUPERGOOP! Dewy Skin Cream #231,65.21,4.0,"Water, Ascorbic Acid, Ferulic Acid, Panthenol, Xanthan Gum, Citric Acid, Disodium EDTA",0,1,1,1,1,4,No
Cleanser,OLEHENRIKSEN,OLEHENRIKSEN Gentle Skin Cleanser #232,79.64,3.5,"Water, Titanium Dioxide, Zinc Oxide, Caprylic/Capric Triglyceride, Silica, Iron Oxides",0,0,0,1,1,2,No
Moisturizer,SHISEIDO,SHISEIDO Ultra Facial Cream #233,67.92,4.2,"Water, Ascorbic Acid, Ferulic Acid, Panthenol, Xanthan Gum, Citric Acid, Disodium EDTA",1,1,1,1,1,5,Yes
Sun Protect,TULA,TULA Mineral Mattescreen SPF 30 #234,53.67,3.4,"Water, Glycerin, Dimethicone, Niacinamide, Hyaluronic Acid, Squalane, Tocopherol",1,1,1,1,0,4,No
Treatment,FIRST AID BEAUTY,FIRST AID BEAUTY Vitamin C Brightening Serum #235,63.16,3.7,"Water, Retinol, Ceramide NP, Cholesterol, Phytosphingosine, Phenoxyethanol, Ethylhexylglycerin",1,1,1,1,1,5,Yes
Treatment,SUNDAY RILEY,SUNDAY RILEY Resurfacing Serum #236,27.84,4.5,"Water, Glycerin, Dimethicone, Niacinamide, Hyaluronic Acid, Squalane, Tocopherol",1,1,1,0,0,3,No
Eye Cream,FRESH,FRESH Concentrate Eye Cream #237,72.15,4.8,"Water, Butylene Glycol, Salicylic Acid, Camellia Sinensis Leaf Extract, Sodium Hyaluronate",0,1,1,1,1,4,No
Moisturizer,LANCÔME,LANCÔME Honeymoon Glow AHA #238,74.93,4.0,"Water, Titanium Dioxide, Zinc Oxide, Caprylic/Capric Triglyceride, Silica, Iron Oxides",1,1,1,1,1,5,Yes
Eye Cream,GLOW RECIPE,GLOW RECIPE Concentrate Eye Cream #239,52.03,4.1,"Water, Lactic Acid, Glycolic Acid, Sodium Hydroxide, Centella Asiatica Extract, Allantoin",0,0,0,1,1,2,No
Treatment,OLEHENRIKSEN,OLEHENRIKSEN Niacinamide 10% + Zinc 1% #240,77.09,4.6,"Water, Titanium Dioxide, Zinc Oxide, Caprylic/Capric Triglyceride, Silica, Iron Oxides",1,1,1,1,1,5,Yes
Cleanser,FIRST AID BEAUTY,FIRST AID BEAUTY Green Clean Makeup Mending Cleansing Balm #241,39.74,4.4,"Water, Ascorbic Acid, Ferulic Acid, Panthenol, Xanthan Gum, Citric Acid, Disodium EDTA",0,1,1,1,1,4,No
Cleanser,LANEIGE,LANEIGE Gentle Skin Cleanser #242,71.72,4.1,"Water, Butylene Glycol, Salicylic Acid, Camellia Sinensis Leaf Extract, Sodium Hyaluronate",1,0,0,1,0,2,No
Moisturizer,LANEIGE,LANEIGE Protini Polypeptide Cream #243,40.78,4.0,"Water, Ascorbic Acid, Ferulic Acid, Panthenol, Xanthan Gum, Citric Acid, Disodium EDTA",0,1,0,1,1,3,No
Face Mask,FRESH,FRESH Jet Lag Mask #244,72.62,4.6,"Water, Butylene Glycol, Salicylic Acid, Camellia Sinensis Leaf Extract, Sodium Hyaluronate",1,1,1,0,0,3,No
Cleanser,DERMALOGICA,DERMALOGICA Micellar Cleansing Water #245,71.28,3.6,"Water, Glycerin, Dimethicone, Niacinamide, Hyaluronic Acid, Squalane, Tocopherol",1,0,1,1,0,3,No
Face Mask,BELIF,BELIF Sheet Mask Hydrating #246,95.39,4.5,"Water, Lactic Acid, Glycolic Acid, Sodium Hydroxide, Centella Asiatica Extract, Allantoin",1,1,1,1,1,5,Yes
Face Mask,FARMACY,FARMACY Charcoal Pore Minimizing Mask #247,93.82,3.7,"Water, Titanium Dioxide, Zinc Oxide, Caprylic/Capric Triglyceride, Silica, Iron Oxides",1,1,1,0,0,3,No
Cleanser,TATCHA,TATCHA Kalie Squalane Cleanser #248,249.36,4.3,"Water, Butylene Glycol, Salicylic Acid, Camellia Sinensis Leaf Extract, Sodium Hyaluronate",1,0,1,1,1,4,No
Cleanser,DRAUNK ELEPHANT,DRAUNK ELEPHANT Soy Face Cleanser #249,109.35,4.7,"Water, Butylene Glycol, Salicylic Acid, Camellia Sinensis Leaf Extract, Sodium Hyaluronate",1,1,1,1,0,4,No
Sun Protect,YOUTH TO THE PEOPLE,YOUTH TO THE PEOPLE UV Clear Broad-Spectrum #250,36.23,4.3,"Water, Titanium Dioxide, Zinc Oxide, Caprylic/Capric Triglyceride, Silica, Iron Oxides",0,1,0,1,1,3,No
Face Mask,TULA,TULA Sheet Mask Hydrating #251,47.93,4.8,"Water, Lactic Acid, Glycolic Acid, Sodium Hydroxide, Centella Asiatica Extract, Allantoin",0,1,1,1,1,4,No
Sun Protect,DERMALOGICA,DERMALOGICA Hydro UV Defense SPF 50 #252,81.12,3.9,"Water, Glycerin, Dimethicone, Niacinamide, Hyaluronic Acid, Squalane, Tocopherol",0,1,0,0,1,2,No
Treatment,ORIGINS,ORIGINS Resurfacing Serum #253,53.05,4.3,"Water, Ascorbic Acid, Ferulic Acid, Panthenol, Xanthan Gum, Citric Acid, Disodium EDTA",0,0,1,1,1,3,No
Sun Protect,DERMALOGICA,DERMALOGICA Unseen Sunscreen SPF 40 #254,34.68,4.7,"Water, Retinol, Ceramide NP, Cholesterol, Phytosphingosine, Phenoxyethanol, Ethylhexylglycerin",0,1,0,0,0,1,No
Sun Protect,FIRST AID BEAUTY,FIRST AID BEAUTY Mineral Mattescreen SPF 30 #255,99.2,4.7,"Water, Glycerin, Dimethicone, Niacinamide, Hyaluronic Acid, Squalane, Tocopherol",1,0,1,1,0,3,No
Moisturizer,YOUTH TO THE PEOPLE,YOUTH TO THE PEOPLE The True Cream Aqua Bomb #256,86.43,4.5,"Water, Retinol, Ceramide NP, Cholesterol, Phytosphingosine, Phenoxyethanol, Ethylhexylglycerin",1,1,1,0,1,4,No
Moisturizer,CLINIQUE,CLINIQUE Dewy Skin Cream #257,43.45,4.4,"Water, Glycerin, Dimethicone, Niacinamide, Hyaluronic Acid, Squalane, Tocopherol",1,0,1,1,0,3,No
Face Mask,SUNDAY RILEY,SUNDAY RILEY Water Sleeping Mask #258,56.94,4.5,"Water, Glycerin, Dimethicone, Niacinamide, Hyaluronic Acid, Squalane, Tocopherol",1,0,1,1,0,3,No
Face Mask,CLINIQUE,CLINIQUE Sheet Mask Hydrating #259,109.39,3.6,"Water, Ascorbic Acid, Ferulic Acid, Panthenol, Xanthan Gum, Citric Acid, Disodium EDTA",1,1,0,1,0,3,No
Sun Protect,SEPHORA COLLECTION,SEPHORA COLLECTION UV Clear Broad-Spectrum #260,16.24,4.1,"Water, Butylene Glycol, Salicylic Acid, Camellia Sinensis Leaf Extract, Sodium Hyaluronate",1,1,1,1,1,5,Yes
Treatment,KORA ORGANICS,KORA ORGANICS Vitamin C Brightening Serum #261,92.03,3.8,"Water, Titanium Dioxide, Zinc Oxide, Caprylic/Capric Triglyceride, Silica, Iron Oxides",1,1,1,1,0,4,No
Cleanser,KORA ORGANICS,KORA ORGANICS Special Cleansing Gel #262,88.31,3.8,"Water, Glycerin, Dimethicone, Niacinamide, Hyaluronic Acid, Squalane, Tocopherol",1,1,0,1,0,3,No
Face Mask,SUNDAY RILEY,SUNDAY RILEY Clay Detox Mask #263,100.43,3.4,"Water, Lactic Acid, Glycolic Acid, Sodium Hydroxide, Centella Asiatica Extract, Allantoin",1,1,0,1,0,3,No
Eye Cream,GLOW RECIPE,GLOW RECIPE Avocado Melt Retinol Eye Cream #264,106.08,4.6,"Water, Glycerin, Dimethicone, Niacinamide, Hyaluronic Acid, Squalane, Tocopherol",1,1,1,0,1,4,No
Moisturizer,YOUTH TO THE PEOPLE,YOUTH TO THE PEOPLE C-Firma Fresh Day Serum #265,48.64,4.5,"Water, Retinol, Ceramide NP, Cholesterol, Phytosphingosine, Phenoxyethanol, Ethylhexylglycerin",0,1,1,0,0,2,No
Moisturizer,FIRST AID BEAUTY,FIRST AID BEAUTY The Water Cream #266,67.97,3.7,"Water, Butylene Glycol, Salicylic Acid, Camellia Sinensis Leaf Extract, Sodium Hyaluronate",1,1,1,1,1,5,Yes
Sun Protect,THE ORDINARY,THE ORDINARY Unseen Sunscreen SPF 40 #267,10.67,4.8,"Water, Glycerin, Dimethicone, Niacinamide, Hyaluronic Acid, Squalane, Tocopherol",0,1,1,0,1,3,No
Moisturizer,CLINIQUE,CLINIQUE Crème de la Mer #268,38.09,4.8,"Water, Ascorbic Acid, Ferulic Acid, Panthenol, Xanthan Gum, Citric Acid, Disodium EDTA",1,1,1,0,0,3,No
Sun Protect,FARMACY,FARMACY Unseen Sunscreen SPF 40 #269,52.81,4.0,"Water, Ascorbic Acid, Ferulic Acid, Panthenol, Xanthan Gum, Citric Acid, Disodium EDTA",1,0,1,1,1,4,No
Eye Cream,MURAD,MURAD Banana Bright Eye Crème #270,66.97,4.3,"Water, Lactic Acid, Glycolic Acid, Sodium Hydroxide, Centella Asiatica Extract, Allantoin",1,0,1,1,0,3,No
Sun Protect,TULA,TULA Unseen Sunscreen SPF 40 #271,27.79,4.7,"Water, Butylene Glycol, Salicylic Acid, Camellia Sinensis Leaf Extract, Sodium Hyaluronate",1,1,1,1,0,4,No
Cleanser,DRUNK ELEPHANT,DRUNK ELEPHANT Foaming Facial Cleanser #272,43.31,3.8,"Water, Titanium Dioxide, Zinc Oxide, Caprylic/Capric Triglyceride, Silica, Iron Oxides",1,0,1,1,1,4,No
Eye Cream,TATCHA,TATCHA Autocorrect Brightening Eye Cream #273,159.72,4.2,"Water, Glycerin, Dimethicone, Niacinamide, Hyaluronic Acid, Squalane, Tocopherol",0,1,0,1,0,2,No
Treatment,KIEHL'S SINCE 1851,KIEHL'S SINCE 1851 Niacinamide 10% + Zinc 1% #274,24.69,3.7,"Water, Ascorbic Acid, Ferulic Acid, Panthenol, Xanthan Gum, Citric Acid, Disodium EDTA",1,1,0,1,1,4,No
Cleanser,KATE SOMERVILLE,KATE SOMERVILLE Special Cleansing Gel #275,36.95,4.8,"Water, Glycerin, Dimethicone, Niacinamide, Hyaluronic Acid, Squalane, Tocopherol",1,0,1,1,1,4,No
Sun Protect,BIOSSANCE,BIOSSANCE Hydro UV Defense SPF 50 #276,86.54,3.6,"Water, Ascorbic Acid, Ferulic Acid, Panthenol, Xanthan Gum, Citric Acid, Disodium EDTA",1,1,0,1,0,3,No
Sun Protect,HERBIVORE,HERBIVORE Unseen Sunscreen SPF 40 #277,27.78,3.7,"Water, Ascorbic Acid, Ferulic Acid, Panthenol, Xanthan Gum, Citric Acid, Disodium EDTA",0,0,0,1,1,2,No
Eye Cream,CLINIQUE,CLINIQUE Peptide Eye Complex #278,94.52,3.5,"Water, Ascorbic Acid, Ferulic Acid, Panthenol, Xanthan Gum, Citric Acid, Disodium EDTA",1,1,1,0,0,3,No
Treatment,ORIGINS,ORIGINS Hyaluronic Acid 2% + B5 #279,84.26,4.5,"Water, Lactic Acid, Glycolic Acid, Sodium Hydroxide, Centella Asiatica Extract, Allantoin",0,0,1,1,0,2,No
Cleanser,BELIF,BELIF Gentle Skin Cleanser #280,33.09,4.1,"Water, Lactic Acid, Glycolic Acid, Sodium Hydroxide, Centella Asiatica Extract, Allantoin",0,1,1,0,1,3,No
Treatment,DERMALOGICA,DERMALOGICA Resurfacing Serum #281,97.31,3.5,"Water, Titanium Dioxide, Zinc Oxide, Caprylic/Capric Triglyceride, Silica, Iron Oxides",1,1,1,1,0,4,No
Moisturizer,THE ORDINARY,THE ORDINARY Lala Retro Whipped Cream #282,12.94,3.5,"Water, Lactic Acid, Glycolic Acid, Sodium Hydroxide, Centella Asiatica Extract, Allantoin",1,1,1,1,1,5,Yes
Eye Cream,THE ORDINARY,THE ORDINARY Banana Bright Eye Crème #283,13.93,4.6,"Water, Butylene Glycol, Salicylic Acid, Camellia Sinensis Leaf Extract, Sodium Hyaluronate",1,1,1,0,0,3,No
Cleanser,YOUTH TO THE PEOPLE,YOUTH TO THE PEOPLE Kalie Squalane Cleanser #284,83.02,4.8,"Water, Glycerin, Dimethicone, Niacinamide, Hyaluronic Acid, Squalane, Tocopherol",1,1,1,1,0,4,No
Sun Protect,SUPERGOOP!,SUPERGOOP! Mineral Mattescreen SPF 30 #285,31.91,4.7,"Water, Lactic Acid, Glycolic Acid, Sodium Hydroxide, Centella Asiatica Extract, Allantoin",1,1,0,1,0,3,No
Eye Cream,KORA ORGANICS,KORA ORGANICS Peptide Eye Complex #286,57.97,3.4,"Water, Titanium Dioxide, Zinc Oxide, Caprylic/Capric Triglyceride, Silica, Iron Oxides",0,1,1,0,0,2,No
Treatment,HERBIVORE,HERBIVORE Niacinamide 10% + Zinc 1% #287,99.97,3.5,"Water, Ascorbic Acid, Ferulic Acid, Panthenol, Xanthan Gum, Citric Acid, Disodium EDTA",1,0,0,1,1,3,No
Moisturizer,KIEHL'S SINCE 1851,KIEHL'S SINCE 1851 The True Cream Aqua Bomb #288,56.94,4.0,"Water, Titanium Dioxide, Zinc Oxide, Caprylic/Capric Triglyceride, Silica, Iron Oxides",1,1,0,1,1,4,No
Eye Cream,LANEIGE,LANEIGE Concentrate Eye Cream #289,102.49,4.2,"Water, Retinol, Ceramide NP, Cholesterol, Phytosphingosine, Phenoxyethanol, Ethylhexylglycerin",1,1,1,1,0,4,No
Moisturizer,HERBIVORE,HERBIVORE Crème de la Mer #290,93.54,4.1,"Water, Lactic Acid, Glycolic Acid, Sodium Hydroxide, Centella Asiatica Extract, Allantoin",1,1,1,0,0,3,No
Treatment,KATE SOMERVILLE,KATE SOMERVILLE Luna Sleeping Night Oil #291,89.71,4.8,"Water, Ascorbic Acid, Ferulic Acid, Panthenol, Xanthan Gum, Citric Acid, Disodium EDTA",0,0,1,0,0,1,No
Eye Cream,ORIGINS,ORIGINS Peptide Eye Complex #292,84.0,4.8,"Water, Glycerin, Dimethicone, Niacinamide, Hyaluronic Acid, Squalane, Tocopherol",1,1,1,1,0,4,No
Cleanser,LANEIGE,LANEIGE Soy Face Cleanser #293,31.76,3.7,"Water, Butylene Glycol, Salicylic Acid, Camellia Sinensis Leaf Extract, Sodium Hyaluronate",1,1,1,1,0,4,No
Cleanser,IT COSMETICS,IT COSMETICS Gentle Skin Cleanser #294,103.02,4.7,"Water, Lactic Acid, Glycolic Acid, Sodium Hydroxide, Centella Asiatica Extract, Allantoin",1,1,1,0,1,4,No
Eye Cream,MURAD,MURAD Banana Bright Eye Crème #295,56.13,4.8,"Water, Retinol, Ceramide NP, Cholesterol, Phytosphingosine, Phenoxyethanol, Ethylhexylglycerin",1,0,1,1,0,3,No
Cleanser,KORA ORGANICS,KORA ORGANICS Micellar Cleansing Water #296,79.83,3.7,"Water, Ascorbic Acid, Ferulic Acid, Panthenol, Xanthan Gum, Citric Acid, Disodium EDTA",1,1,1,1,0,4,No
Sun Protect,CAUDALIE,CAUDALIE Mineral Mattescreen SPF 30 #297,39.28,3.4,"Water, Titanium Dioxide, Zinc Oxide, Caprylic/Capric Triglyceride, Silica, Iron Oxides",0,1,1,1,0,3,No
Sun Protect,BELIF,BELIF UV Clear Broad-Spectrum #298,36.1,4.5,"Water, Butylene Glycol, Salicylic Acid, Camellia Sinensis Leaf Extract, Sodium Hyaluronate",1,0,1,1,0,3,No
Face Mask,LA MER,LA MER Superberry Hydrate + Glow Dream Mask #299,155.81,4.4,"Water, Lactic Acid, Glycolic Acid, Sodium Hydroxide, Centella Asiatica Extract, Allantoin",1,1,1,1,1,5,Yes
Face Mask,DRAUNK ELEPHANT,DRAUNK ELEPHANT Water Sleeping Mask #300,100.07,4.1,"Water, Retinol, Ceramide NP, Cholesterol, Phytosphingosine, Phenoxyethanol, Ethylhexylglycerin",1,1,1,1,0,4,No
Cleanser,SUPERGOOP!,SUPERGOOP! Green Clean Makeup Mending Cleansing Balm #301,92.73,3.5,"Water, Glycerin, Dimethicone, Niacinamide, Hyaluronic Acid, Squalane, Tocopherol",1,0,1,1,0,3,No
Cleanser,BIOSSANCE,BIOSSANCE Gentle Skin Cleanser #302,86.95,4.2,"Water, Glycerin, Dimethicone, Niacinamide, Hyaluronic Acid, Squalane, Tocopherol",1,1,1,1,0,4,No
Eye Cream,KORA ORGANICS,KORA ORGANICS Autocorrect Brightening Eye Cream #303,28.61,3.9,"Water, Butylene Glycol, Salicylic Acid, Camellia Sinensis Leaf Extract, Sodium Hyaluronate",0,0,1,1,0,2,No
Moisturizer,TATCHA,TATCHA Midnight Recovery Concentrate #304,260.81,4.7,"Water, Butylene Glycol, Salicylic Acid, Camellia Sinensis Leaf Extract, Sodium Hyaluronate",1,0,1,1,1,4,No
Treatment,MARIO BADESCU,MARIO BADESCU BHA Liquid Exfoliant #305,32.34,3.7,"Water, Titanium Dioxide, Zinc Oxide, Caprylic/Capric Triglyceride, Silica, Iron Oxides",1,1,0,1,0,3,No
Face Mask,MARIO BADESCU,MARIO BADESCU Babyfacial AHA/BHA Mask #306,100.96,3.8,"Water, Titanium Dioxide, Zinc Oxide, Caprylic/Capric Triglyceride, Silica, Iron Oxides",0,1,1,1,0,3,No
Cleanser,SUPERGOOP!,SUPERGOOP! Soy Face Cleanser #307,46.64,4.1,"Water, Butylene Glycol, Salicylic Acid, Camellia Sinensis Leaf Extract, Sodium Hyaluronate",1,1,1,1,1,5,Yes
Sun Protect,OLEHENRIKSEN,OLEHENRIKSEN Defense Refresh Setting Mist #308,59.6,4.5,"Water, Butylene Glycol, Salicylic Acid, Camellia Sinensis Leaf Extract, Sodium Hyaluronate",1,1,0,1,0,3,No
Face Mask,FIRST AID BEAUTY,FIRST AID BEAUTY Jet Lag Mask #309,57.95,4.7,"Water, Glycerin, Dimethicone, Niacinamide, Hyaluronic Acid, Squalane, Tocopherol",1,1,0,0,0,2,No
Cleanser,LANCÔME,LANCÔME Gentle Skin Cleanser #310,27.67,3.5,"Water, Titanium Dioxide, Zinc Oxide, Caprylic/Capric Triglyceride, Silica, Iron Oxides",0,1,1,1,0,3,No
Sun Protect,SUNDAY RILEY,SUNDAY RILEY Unseen Sunscreen SPF 40 #311,57.38,4.0,"Water, Lactic Acid, Glycolic Acid, Sodium Hydroxide, Centella Asiatica Extract, Allantoin",1,1,1,1,1,5,Yes
Face Mask,SEPHORA COLLECTION,SEPHORA COLLECTION Water Sleeping Mask #312,15.5,4.3,"Water, Glycerin, Dimethicone, Niacinamide, Hyaluronic Acid, Squalane, Tocopherol",1,1,1,1,1,5,Yes
Treatment,BIOSSANCE,BIOSSANCE Niacinamide 10% + Zinc 1% #313,73.19,4.1,"Water, Butylene Glycol, Salicylic Acid, Camellia Sinensis Leaf Extract, Sodium Hyaluronate",1,1,1,1,1,5,Yes
Face Mask,IT COSMETICS,IT COSMETICS Sheet Mask Hydrating #314,44.43,4.5,"Water, Lactic Acid, Glycolic Acid, Sodium Hydroxide, Centella Asiatica Extract, Allantoin",1,1,1,1,0,4,No
Treatment,LANEIGE,LANEIGE Good Genes All-In-One Lactic Acid #315,107.63,3.7,"Water, Lactic Acid, Glycolic Acid, Sodium Hydroxide, Centella Asiatica Extract, Allantoin",0,0,1,1,1,3,No
Cleanser,SUPERGOOP!,SUPERGOOP! Special Cleansing Gel #316,102.56,4.0,"Water, Retinol, Ceramide NP, Cholesterol, Phytosphingosine, Phenoxyethanol, Ethylhexylglycerin",1,1,1,1,0,4,No
Sun Protect,TULA,TULA UV Clear Broad-Spectrum #317,35.67,4.7,"Water, Ascorbic Acid, Ferulic Acid, Panthenol, Xanthan Gum, Citric Acid, Disodium EDTA",1,1,1,0,1,4,No
Cleanser,DRUNK ELEPHANT,DRUNK ELEPHANT Micellar Cleansing Water #318,28.35,3.9,"Water, Butylene Glycol, Salicylic Acid, Camellia Sinensis Leaf Extract, Sodium Hyaluronate",1,0,0,1,1,3,No
Sun Protect,SK-II,SK-II Mineral Mattescreen SPF 30 #319,203.02,4.3,"Water, Butylene Glycol, Salicylic Acid, Camellia Sinensis Leaf Extract, Sodium Hyaluronate",0,0,1,0,0,1,No
Sun Protect,KIEHL'S SINCE 1851,KIEHL'S SINCE 1851 City Sunscreen Serum #320,26.36,3.5,"Water, Ascorbic Acid, Ferulic Acid, Panthenol, Xanthan Gum, Citric Acid, Disodium EDTA",1,1,1,0,0,3,No
Sun Protect,DRAUNK ELEPHANT,DRAUNK ELEPHANT Defense Refresh Setting Mist #321,25.72,4.6,"Water, Titanium Dioxide, Zinc Oxide, Caprylic/Capric Triglyceride, Silica, Iron Oxides",1,1,1,0,1,4,No
Cleanser,SHISEIDO,SHISEIDO Superfood Antioxidant Cleanser #322,85.3,4.5,"Water, Lactic Acid, Glycolic Acid, Sodium Hydroxide, Centella Asiatica Extract, Allantoin",0,1,1,1,0,3,No
Cleanser,DERMALOGICA,DERMALOGICA Superfood Antioxidant Cleanser #323,82.24,4.6,"Water, Retinol, Ceramide NP, Cholesterol, Phytosphingosine, Phenoxyethanol, Ethylhexylglycerin",1,1,1,1,0,4,No
Sun Protect,BELIF,BELIF UV Clear Broad-Spectrum #324,29.49,4.9,"Water, Titanium Dioxide, Zinc Oxide, Caprylic/Capric Triglyceride, Silica, Iron Oxides",1,0,1,1,0,3,No
Cleanser,KORA ORGANICS,KORA ORGANICS Special Cleansing Gel #325,101.37,4.6,"Water, Ascorbic Acid, Ferulic Acid, Panthenol, Xanthan Gum, Citric Acid, Disodium EDTA",0,0,1,1,1,3,No
Treatment,SHISEIDO,SHISEIDO Hyaluronic Acid 2% + B5 #326,58.8,4.5,"Water, Ascorbic Acid, Ferulic Acid, Panthenol, Xanthan Gum, Citric Acid, Disodium EDTA",1,0,1,1,0,3,No
Eye Cream,FIRST AID BEAUTY,FIRST AID BEAUTY Autocorrect Brightening Eye Cream #327,96.29,4.7,"Water, Butylene Glycol, Salicylic Acid, Camellia Sinensis Leaf Extract, Sodium Hyaluronate",1,1,0,0,0,2,No
Sun Protect,GLOW RECIPE,GLOW RECIPE Hydro UV Defense SPF 50 #328,101.36,4.4,"Water, Butylene Glycol, Salicylic Acid, Camellia Sinensis Leaf Extract, Sodium Hyaluronate",1,1,1,1,0,4,No
Treatment,SHISEIDO,SHISEIDO Resurfacing Serum #329,63.88,3.6,"Water, Glycerin, Dimethicone, Niacinamide, Hyaluronic Acid, Squalane, Tocopherol",1,1,1,1,1,5,Yes
Eye Cream,FIRST AID BEAUTY,FIRST AID BEAUTY Avocado Melt Retinol Eye Cream #330,28.65,4.7,"Water, Butylene Glycol, Salicylic Acid, Camellia Sinensis Leaf Extract, Sodium Hyaluronate",1,0,0,1,0,2,No
Treatment,GLOW RECIPE,GLOW RECIPE Good Genes All-In-One Lactic Acid #331,65.93,4.3,"Water, Butylene Glycol, Salicylic Acid, Camellia Sinensis Leaf Extract, Sodium Hyaluronate",1,1,1,1,0,4,No
Cleanser,FRESH,FRESH Gentle Skin Cleanser #332,66.1,4.5,"Water, Glycerin, Dimethicone, Niacinamide, Hyaluronic Acid, Squalane, Tocopherol",1,1,0,1,1,4,No
Face Mask,BIOSSANCE,BIOSSANCE Jet Lag Mask #333,27.24,3.7,"Water, Lactic Acid, Glycolic Acid, Sodium Hydroxide, Centella Asiatica Extract, Allantoin",1,0,1,1,1,4,No
Sun Protect,THE ORDINARY,THE ORDINARY Mineral Mattescreen SPF 30 #334,17.4,3.9,"Water, Butylene Glycol, Salicylic Acid, Camellia Sinensis Leaf Extract, Sodium Hyaluronate",1,1,1,0,1,4,No
Moisturizer,FIRST AID BEAUTY,FIRST AID BEAUTY The True Cream Aqua Bomb #335,63.21,4.2,"Water, Ascorbic Acid, Ferulic Acid, Panthenol, Xanthan Gum, Citric Acid, Disodium EDTA",1,1,1,1,1,5,Yes
Treatment,LANCÔME,LANCÔME Retinol Reform #336,105.54,4.8,"Water, Retinol, Ceramide NP, Cholesterol, Phytosphingosine, Phenoxyethanol, Ethylhexylglycerin",1,1,1,0,0,3,No
Sun Protect,SK-II,SK-II Defense Refresh Setting Mist #337,241.34,3.6,"Water, Titanium Dioxide, Zinc Oxide, Caprylic/Capric Triglyceride, Silica, Iron Oxides",1,1,1,1,1,5,Yes
Sun Protect,BELIF,BELIF Hydro UV Defense SPF 50 #338,95.91,3.5,"Water, Glycerin, Dimethicone, Niacinamide, Hyaluronic Acid, Squalane, Tocopherol",0,1,0,1,0,2,No
Face Mask,SEPHORA COLLECTION,SEPHORA COLLECTION Water Sleeping Mask #339,17.43,4.3,"Water, Lactic Acid, Glycolic Acid, Sodium Hydroxide, Centella Asiatica Extract, Allantoin",0,1,1,0,1,3,No
Moisturizer,TULA,TULA Dewy Skin Cream #340,34.13,3.6,"Water, Glycerin, Dimethicone, Niacinamide, Hyaluronic Acid, Squalane, Tocopherol",0,1,1,1,0,3,No
Treatment,DRAUNK ELEPHANT,DRAUNK ELEPHANT Resurfacing Serum #341,37.79,4.2,"Water, Butylene Glycol, Salicylic Acid, Camellia Sinensis Leaf Extract, Sodium Hyaluronate",0,0,1,1,1,3,No
Sun Protect,KIEHL'S SINCE 1851,KIEHL'S SINCE 1851 Unseen Sunscreen SPF 40 #342,95.83,4.4,"Water, Butylene Glycol, Salicylic Acid, Camellia Sinensis Leaf Extract, Sodium Hyaluronate",1,1,1,1,0,4,No
Face Mask,CAUDALIE,CAUDALIE Superberry Hydrate + Glow Dream Mask #343,63.93,3.5,"Water, Butylene Glycol, Salicylic Acid, Camellia Sinensis Leaf Extract, Sodium Hyaluronate",1,0,1,1,1,4,No
Sun Protect,FARMACY,FARMACY Unseen Sunscreen SPF 40 #344,97.21,4.7,"Water, Glycerin, Dimethicone, Niacinamide, Hyaluronic Acid, Squalane, Tocopherol",1,1,1,1,1,5,Yes
Eye Cream,HERBIVORE,HERBIVORE Peptide Eye Complex #345,31.99,4.6,"Water, Butylene Glycol, Salicylic Acid, Camellia Sinensis Leaf Extract, Sodium Hyaluronate",1,1,0,1,0,3,No
Face Mask,MARIO BADESCU,MARIO BADESCU Charcoal Pore Minimizing Mask #346,60.27,4.7,"Water, Butylene Glycol, Salicylic Acid, Camellia Sinensis Leaf Extract, Sodium Hyaluronate",1,1,1,0,1,4,No
Face Mask,MARIO BADESCU,MARIO BADESCU Charcoal Pore Minimizing Mask #347,72.93,4.1,"Water, Ascorbic Acid, Ferulic Acid, Panthenol, Xanthan Gum, Citric Acid, Disodium EDTA",0,0,1,0,1,2,No
Face Mask,FARMACY,FARMACY Babyfacial AHA/BHA Mask #348,61.9,3.5,"Water, Titanium Dioxide, Zinc Oxide, Caprylic/Capric Triglyceride, Silica, Iron Oxides",1,1,1,1,1,5,Yes
Face Mask,THE ORDINARY,THE ORDINARY Babyfacial AHA/BHA Mask #349,12.19,4.4,"Water, Retinol, Ceramide NP, Cholesterol, Phytosphingosine, Phenoxyethanol, Ethylhexylglycerin",1,1,1,0,1,4,No
Face Mask,FRESH,FRESH Jet Lag Mask #350,88.62,3.9,"Water, Lactic Acid, Glycolic Acid, Sodium Hydroxide, Centella Asiatica Extract, Allantoin",1,1,1,1,1,5,Yes
Cleanser,KIEHL'S SINCE 1851,KIEHL'S SINCE 1851 Micellar Cleansing Water #351,62.2,4.3,"Water, Glycerin, Dimethicone, Niacinamide, Hyaluronic Acid, Squalane, Tocopherol",0,1,1,1,1,4,No
Sun Protect,SK-II,SK-II Unseen Sunscreen SPF 40 #352,212.0,3.5,"Water, Ascorbic Acid, Ferulic Acid, Panthenol, Xanthan Gum, Citric Acid, Disodium EDTA",1,1,1,0,1,4,No
Treatment,MURAD,MURAD Luna Sleeping Night Oil #353,94.23,4.7,"Water, Lactic Acid, Glycolic Acid, Sodium Hydroxide, Centella Asiatica Extract, Allantoin",0,0,0,1,1,2,No
Sun Protect,PAULA'S CHOICE,PAULA'S CHOICE Unseen Sunscreen SPF 40 #354,53.36,4.6,"Water, Lactic Acid, Glycolic Acid, Sodium Hydroxide, Centella Asiatica Extract, Allantoin",1,1,1,0,1,4,No
Cleanser,DRAUNK ELEPHANT,DRAUNK ELEPHANT Green Clean Makeup Mending Cleansing Balm #355,45.87,3.7,"Water, Glycerin, Dimethicone, Niacinamide, Hyaluronic Acid, Squalane, Tocopherol",0,1,0,0,0,1,No
Moisturizer,DRAUNK ELEPHANT,DRAUNK ELEPHANT Crème de la Mer #356,103.69,4.7,"Water, Ascorbic Acid, Ferulic Acid, Panthenol, Xanthan Gum, Citric Acid, Disodium EDTA",1,1,0,0,1,3,No
Moisturizer,KORA ORGANICS,KORA ORGANICS Crème de la Mer #357,71.58,4.0,"Water, Ascorbic Acid, Ferulic Acid, Panthenol, Xanthan Gum, Citric Acid, Disodium EDTA",0,1,1,0,1,3,No
Face Mask,ORIGINS,ORIGINS Clay Detox Mask #358,99.8,4.0,"Water, Ascorbic Acid, Ferulic Acid, Panthenol, Xanthan Gum, Citric Acid, Disodium EDTA",1,0,0,1,0,2,No
Face Mask,CLINIQUE,CLINIQUE Water Sleeping Mask #359,59.5,4.5,"Water, Titanium Dioxide, Zinc Oxide, Caprylic/Capric Triglyceride, Silica, Iron Oxides",1,0,1,0,0,2,No
Eye Cream,CAUDALIE,CAUDALIE Peptide Eye Complex #360,53.7,4.4,"Water, Titanium Dioxide, Zinc Oxide, Caprylic/Capric Triglyceride, Silica, Iron Oxides",1,0,1,1,1,4,No
Eye Cream,DRAUNK ELEPHANT,DRAUNK ELEPHANT Peptide Eye Complex #361,88.32,4.7,"Water, Lactic Acid, Glycolic Acid, Sodium Hydroxide, Centella Asiatica Extract, Allantoin",0,1,1,1,1,4,No
Cleanser,TATCHA,TATCHA Soy Face Cleanser #362,152.97,4.5,"Water, Butylene Glycol, Salicylic Acid, Camellia Sinensis Leaf Extract, Sodium Hyaluronate",1,0,1,1,0,3,No
Cleanser,KATE SOMERVILLE,KATE SOMERVILLE Soy Face Cleanser #363,54.85,4.1,"Water, Ascorbic Acid, Ferulic Acid, Panthenol, Xanthan Gum, Citric Acid, Disodium EDTA",1,1,1,1,1,5,Yes
Face Mask,BIOSSANCE,BIOSSANCE Babyfacial AHA/BHA Mask #364,106.28,4.9,"Water, Lactic Acid, Glycolic Acid, Sodium Hydroxide, Centella Asiatica Extract, Allantoin",1,1,1,0,1,4,No
Cleanser,MURAD,MURAD Special Cleansing Gel #365,90.75,4.8,"Water, Lactic Acid, Glycolic Acid, Sodium Hydroxide, Centella Asiatica Extract, Allantoin",0,1,1,0,0,2,No
Sun Protect,TULA,TULA Unseen Sunscreen SPF 40 #366,56.44,4.0,"Water, Ascorbic Acid, Ferulic Acid, Panthenol, Xanthan Gum, Citric Acid, Disodium EDTA",1,1,1,1,1,5,Yes
Treatment,DERMALOGICA,DERMALOGICA Retinol Reform #367,27.43,4.8,"Water, Ascorbic Acid, Ferulic Acid, Panthenol, Xanthan Gum, Citric Acid, Disodium EDTA",1,0,0,1,1,3,No
Sun Protect,ORIGINS,ORIGINS Defense Refresh Setting Mist #368,42.92,3.7,"Water, Glycerin, Dimethicone, Niacinamide, Hyaluronic Acid, Squalane, Tocopherol",1,1,0,1,0,3,No
Cleanser,ESTÉE LAUDER,ESTÉE LAUDER Kalie Squalane Cleanser #369,52.47,3.8,"Water, Ascorbic Acid, Ferulic Acid, Panthenol, Xanthan Gum, Citric Acid, Disodium EDTA",0,1,1,1,1,4,No
Cleanser,THE ORDINARY,THE ORDINARY Soy Face Cleanser #370,17.24,3.9,"Water, Glycerin, Dimethicone, Niacinamide, Hyaluronic Acid, Squalane, Tocopherol",0,0,1,1,0,2,No
Eye Cream,TULA,TULA Avocado Melt Retinol Eye Cream #371,65.87,3.8,"Water, Titanium Dioxide, Zinc Oxide, Caprylic/Capric Triglyceride, Silica, Iron Oxides",1,0,1,1,0,3,No
Eye Cream,KATE SOMERVILLE,KATE SOMERVILLE Banana Bright Eye Crème #372,77.92,3.7,"Water, Titanium Dioxide, Zinc Oxide, Caprylic/Capric Triglyceride, Silica, Iron Oxides",1,1,1,0,1,4,No
Sun Protect,SUNDAY RILEY,SUNDAY RILEY Hydro UV Defense SPF 50 #373,83.0,3.4,"Water, Titanium Dioxide, Zinc Oxide, Caprylic/Capric Triglyceride, Silica, Iron Oxides",1,1,1,1,1,5,Yes
Cleanser,SHISEIDO,SHISEIDO Green Clean Makeup Mending Cleansing Balm #374,73.45,3.7,"Water, Lactic Acid, Glycolic Acid, Sodium Hydroxide, Centella Asiatica Extract, Allantoin",0,1,0,1,1,3,No
Treatment,SK-II,SK-II Hyaluronic Acid 2% + B5 #375,290.26,4.2,"Water, Titanium Dioxide, Zinc Oxide, Caprylic/Capric Triglyceride, Silica, Iron Oxides",1,1,1,1,1,5,Yes
Treatment,FIRST AID BEAUTY,FIRST AID BEAUTY Good Genes All-In-One Lactic Acid #376,48.21,4.8,"Water, Retinol, Ceramide NP, Cholesterol, Phytosphingosine, Phenoxyethanol, Ethylhexylglycerin",0,1,0,0,0,1,No
Cleanser,YOUTH TO THE PEOPLE,YOUTH TO THE PEOPLE Superfood Antioxidant Cleanser #377,106.57,3.6,"Water, Titanium Dioxide, Zinc Oxide, Caprylic/Capric Triglyceride, Silica, Iron Oxides",1,1,1,1,1,5,Yes
Moisturizer,YOUTH TO THE PEOPLE,YOUTH TO THE PEOPLE C-Firma Fresh Day Serum #378,71.09,3.5,"Water, Butylene Glycol, Salicylic Acid, Camellia Sinensis Leaf Extract, Sodium Hyaluronate",1,1,0,0,0,2,No
Cleanser,PAULA'S CHOICE,PAULA'S CHOICE Superfood Antioxidant Cleanser #379,40.71,3.7,"Water, Ascorbic Acid, Ferulic Acid, Panthenol, Xanthan Gum, Citric Acid, Disodium EDTA",1,1,1,1,1,5,Yes
Treatment,BELIF,BELIF BHA Liquid Exfoliant #380,86.4,4.1,"Water, Lactic Acid, Glycolic Acid, Sodium Hydroxide, Centella Asiatica Extract, Allantoin",1,1,1,1,0,4,No
Eye Cream,SUNDAY RILEY,SUNDAY RILEY Autocorrect Brightening Eye Cream #381,51.33,4.1,"Water, Ascorbic Acid, Ferulic Acid, Panthenol, Xanthan Gum, Citric Acid, Disodium EDTA",1,1,1,1,1,5,Yes
Cleanser,LA MER,LA MER Kalie Squalane Cleanser #382,166.39,3.7,"Water, Titanium Dioxide, Zinc Oxide, Caprylic/Capric Triglyceride, Silica, Iron Oxides",0,0,1,0,0,1,No
Face Mask,DERMALOGICA,DERMALOGICA Babyfacial AHA/BHA Mask #383,54.85,3.9,"Water, Ascorbic Acid, Ferulic Acid, Panthenol, Xanthan Gum, Citric Acid, Disodium EDTA",1,1,1,1,0,4,No
Eye Cream,LANCÔME,LANCÔME Concentrate Eye Cream #384,87.08,4.3,"Water, Titanium Dioxide, Zinc Oxide, Caprylic/Capric Triglyceride, Silica, Iron Oxides",1,1,1,1,0,4,No
Moisturizer,SHISEIDO,SHISEIDO C-Firma Fresh Day Serum #385,100.88,4.2,"Water, Titanium Dioxide, Zinc Oxide, Caprylic/Capric Triglyceride, Silica, Iron Oxides",1,0,0,0,0,1,No
Cleanser,DERMALOGICA,DERMALOGICA Green Clean Makeup Mending Cleansing Balm #386,58.12,4.2,"Water, Titanium Dioxide, Zinc Oxide, Caprylic/Capric Triglyceride, Silica, Iron Oxides",1,1,1,1,0,4,No
Cleanser,SEPHORA COLLECTION,SEPHORA COLLECTION Micellar Cleansing Water #387,21.09,3.5,"Water, Retinol, Ceramide NP, Cholesterol, Phytosphingosine, Phenoxyethanol, Ethylhexylglycerin",1,1,1,1,0,4,No
Moisturizer,ESTÉE LAUDER,ESTÉE LAUDER C-Firma Fresh Day Serum #388,102.06,3.9,"Water, Retinol, Ceramide NP, Cholesterol, Phytosphingosine, Phenoxyethanol, Ethylhexylglycerin",0,1,1,1,1,4,No
Sun Protect,KORA ORGANICS,KORA ORGANICS Hydro UV Defense SPF 50 #389,95.35,4.7,"Water, Lactic Acid, Glycolic Acid, Sodium Hydroxide, Centella Asiatica Extract, Allantoin",1,1,0,1,1,4,No
Eye Cream,SHISEIDO,SHISEIDO Avocado Melt Retinol Eye Cream #390,107.65,3.7,"Water, Retinol, Ceramide NP, Cholesterol, Phytosphingosine, Phenoxyethanol, Ethylhexylglycerin",1,0,0,1,1,3,No
Eye Cream,CLINIQUE,CLINIQUE Avocado Melt Retinol Eye Cream #391,38.24,3.5,"Water, Titanium Dioxide, Zinc Oxide, Caprylic/Capric Triglyceride, Silica, Iron Oxides",1,1,1,0,0,3,No
Treatment,FARMACY,FARMACY BHA Liquid Exfoliant #392,59.66,3.9,"Water, Glycerin, Dimethicone, Niacinamide, Hyaluronic Acid, Squalane, Tocopherol",0,1,0,0,0,1,No
Sun Protect,DRAUNK ELEPHANT,DRAUNK ELEPHANT Unseen Sunscreen SPF 40 #393,44.96,3.6,"Water, Ascorbic Acid, Ferulic Acid, Panthenol, Xanthan Gum, Citric Acid, Disodium EDTA",1,1,1,0,1,4,No
Cleanser,SHISEIDO,SHISEIDO Gentle Skin Cleanser #394,68.43,4.0,"Water, Ascorbic Acid, Ferulic Acid, Panthenol, Xanthan Gum, Citric Acid, Disodium EDTA",1,0,1,0,1,3,No
Eye Cream,MARIO BADESCU,MARIO BADESCU Avocado Melt Retinol Eye Cream #395,38.67,4.6,"Water, Ascorbic Acid, Ferulic Acid, Panthenol, Xanthan Gum, Citric Acid, Disodium EDTA",1,1,1,0,0,3,No
Face Mask,SUNDAY RILEY,SUNDAY RILEY Water Sleeping Mask #396,56.53,3.6,"Water, Glycerin, Dimethicone, Niacinamide, Hyaluronic Acid, Squalane, Tocopherol",1,1,1,1,0,4,No
Face Mask,DRUNK ELEPHANT,DRUNK ELEPHANT Charcoal Pore Minimizing Mask #397,69.7,4.5,"Water, Glycerin, Dimethicone, Niacinamide, Hyaluronic Acid, Squalane, Tocopherol",0,1,1,1,1,4,No
Treatment,DRUNK ELEPHANT,DRUNK ELEPHANT Hyaluronic Acid 2% + B5 #398,43.74,4.6,"Water, Retinol, Ceramide NP, Cholesterol, Phytosphingosine, Phenoxyethanol, Ethylhexylglycerin",1,1,0,0,0,2,No
Face Mask,PAULA'S CHOICE,PAULA'S CHOICE Charcoal Pore Minimizing Mask #399,31.21,4.3,"Water, Ascorbic Acid, Ferulic Acid, Panthenol, Xanthan Gum, Citric Acid, Disodium EDTA",0,0,1,1,1,3,No
Eye Cream,KORA ORGANICS,KORA ORGANICS Banana Bright Eye Crème #400,68.7,4.0,"Water, Butylene Glycol, Salicylic Acid, Camellia Sinensis Leaf Extract, Sodium Hyaluronate",1,1,1,1,0,4,No
Face Mask,SHISEIDO,SHISEIDO Superberry Hydrate + Glow Dream Mask #401,97.53,4.0,"Water, Lactic Acid, Glycolic Acid, Sodium Hydroxide, Centella Asiatica Extract, Allantoin",1,1,1,1,1,5,Yes
Cleanser,MURAD,MURAD Micellar Cleansing Water #402,45.82,3.9,"Water, Lactic Acid, Glycolic Acid, Sodium Hydroxide, Centella Asiatica Extract, Allantoin",0,1,1,0,1,3,No
Sun Protect,FRESH,FRESH Unseen Sunscreen SPF 40 #403,42.44,4.0,"Water, Lactic Acid, Glycolic Acid, Sodium Hydroxide, Centella Asiatica Extract, Allantoin",1,1,0,1,1,4,No
Cleanser,MARIO BADESCU,MARIO BADESCU Foaming Facial Cleanser #404,31.58,3.8,"Water, Lactic Acid, Glycolic Acid, Sodium Hydroxide, Centella Asiatica Extract, Allantoin",1,1,0,1,0,3,No
Sun Protect,TATCHA,TATCHA Mineral Mattescreen SPF 30 #405,280.68,4.1,"Water, Butylene Glycol, Salicylic Acid, Camellia Sinensis Leaf Extract, Sodium Hyaluronate",1,1,1,0,0,3,No
Sun Protect,DRUNK ELEPHANT,DRUNK ELEPHANT City Sunscreen Serum #406,44.58,3.4,"Water, Butylene Glycol, Salicylic Acid, Camellia Sinensis Leaf Extract, Sodium Hyaluronate",1,0,0,1,1,3,No
Face Mask,LANCÔME,LANCÔME Clay Detox Mask #407,25.32,4.5,"Water, Glycerin, Dimethicone, Niacinamide, Hyaluronic Acid, Squalane, Tocopherol",1,0,1,1,0,3,No
Eye Cream,LANCÔME,LANCÔME Avocado Melt Retinol Eye Cream #408,103.96,4.3,"Water, Lactic Acid, Glycolic Acid, Sodium Hydroxide, Centella Asiatica Extract, Allantoin",1,1,1,1,0,4,No
Treatment,FARMACY,FARMACY Resurfacing Serum #409,99.35,4.6,"Water, Ascorbic Acid, Ferulic Acid, Panthenol, Xanthan Gum, Citric Acid, Disodium EDTA",1,1,0,1,0,3,No
Treatment,DERMALOGICA,DERMALOGICA Niacinamide 10% + Zinc 1% #410,101.1,4.7,"Water, Retinol, Ceramide NP, Cholesterol, Phytosphingosine, Phenoxyethanol, Ethylhexylglycerin",1,0,1,1,0,3,No
Sun Protect,PAULA'S CHOICE,PAULA'S CHOICE City Sunscreen Serum #411,59.47,3.9,"Water, Ascorbic Acid, Ferulic Acid, Panthenol, Xanthan Gum, Citric Acid, Disodium EDTA",1,0,1,1,1,4,No
Face Mask,IT COSMETICS,IT COSMETICS Jet Lag Mask #412,71.69,3.7,"Water, Lactic Acid, Glycolic Acid, Sodium Hydroxide, Centella Asiatica Extract, Allantoin",1,1,1,0,0,3,No
Face Mask,LANCÔME,LANCÔME Water Sleeping Mask #413,87.25,4.7,"Water, Butylene Glycol, Salicylic Acid, Camellia Sinensis Leaf Extract, Sodium Hyaluronate",1,1,1,1,0,4,No
Moisturizer,FARMACY,FARMACY The Water Cream #414,82.12,4.4,"Water, Ascorbic Acid, Ferulic Acid, Panthenol, Xanthan Gum, Citric Acid, Disodium EDTA",1,1,0,1,0,3,No
Face Mask,HERBIVORE,HERBIVORE Babyfacial AHA/BHA Mask #415,39.73,4.5,"Water, Ascorbic Acid, Ferulic Acid, Panthenol, Xanthan Gum, Citric Acid, Disodium EDTA",1,1,1,0,1,4,No
Eye Cream,KORA ORGANICS,KORA ORGANICS Avocado Melt Retinol Eye Cream #416,104.81,3.4,"Water, Lactic Acid, Glycolic Acid, Sodium Hydroxide, Centella Asiatica Extract, Allantoin",0,1,0,1,1,3,No
Treatment,LA MER,LA MER Luna Sleeping Night Oil #417,290.49,4.0,"Water, Glycerin, Dimethicone, Niacinamide, Hyaluronic Acid, Squalane, Tocopherol",1,0,1,0,0,2,No
Cleanser,HERBIVORE,HERBIVORE Micellar Cleansing Water #418,106.43,3.9,"Water, Butylene Glycol, Salicylic Acid, Camellia Sinensis Leaf Extract, Sodium Hyaluronate",0,1,1,1,0,3,No
Treatment,YOUTH TO THE PEOPLE,YOUTH TO THE PEOPLE Resurfacing Serum #419,62.76,4.3,"Water, Ascorbic Acid, Ferulic Acid, Panthenol, Xanthan Gum, Citric Acid, Disodium EDTA",1,1,1,0,1,4,No
Face Mask,LANCÔME,LANCÔME Water Sleeping Mask #420,92.8,4.5,"Water, Retinol, Ceramide NP, Cholesterol, Phytosphingosine, Phenoxyethanol, Ethylhexylglycerin",1,1,0,1,0,3,No
Sun Protect,KORA ORGANICS,KORA ORGANICS Defense Refresh Setting Mist #421,85.97,4.6,"Water, Lactic Acid, Glycolic Acid, Sodium Hydroxide, Centella Asiatica Extract, Allantoin",1,1,0,1,0,3,No
Moisturizer,ESTÉE LAUDER,ESTÉE LAUDER The True Cream Aqua Bomb #422,64.98,4.3,"Water, Retinol, Ceramide NP, Cholesterol, Phytosphingosine, Phenoxyethanol, Ethylhexylglycerin",1,0,1,1,0,3,No
Treatment,SK-II,SK-II Hyaluronic Acid 2% + B5 #423,130.16,4.7,"Water, Ascorbic Acid, Ferulic Acid, Panthenol, Xanthan Gum, Citric Acid, Disodium EDTA",1,1,1,1,0,4,No
Sun Protect,TULA,TULA UV Clear Broad-Spectrum #424,90.63,4.1,"Water, Glycerin, Dimethicone, Niacinamide, Hyaluronic Acid, Squalane, Tocopherol",0,0,0,0,0,0,No
Sun Protect,IT COSMETICS,IT COSMETICS UV Clear Broad-Spectrum #425,78.29,4.3,"Water, Glycerin, Dimethicone, Niacinamide, Hyaluronic Acid, Squalane, Tocopherol",1,1,1,0,0,3,No
Treatment,CAUDALIE,CAUDALIE Resurfacing Serum #426,76.06,4.0,"Water, Retinol, Ceramide NP, Cholesterol, Phytosphingosine, Phenoxyethanol, Ethylhexylglycerin",1,1,0,0,0,2,No
Moisturizer,CLINIQUE,CLINIQUE Ultra Facial Cream #427,80.93,4.8,"Water, Titanium Dioxide, Zinc Oxide, Caprylic/Capric Triglyceride, Silica, Iron Oxides",1,1,1,1,1,5,Yes
Moisturizer,SUNDAY RILEY,SUNDAY RILEY Honeymoon Glow AHA #428,71.17,3.4,"Water, Retinol, Ceramide NP, Cholesterol, Phytosphingosine, Phenoxyethanol, Ethylhexylglycerin",1,1,1,0,1,4,No
Sun Protect,BIOSSANCE,BIOSSANCE City Sunscreen Serum #429,43.72,4.5,"Water, Retinol, Ceramide NP, Cholesterol, Phytosphingosine, Phenoxyethanol, Ethylhexylglycerin",1,1,1,1,1,5,Yes
Sun Protect,OLEHENRIKSEN,OLEHENRIKSEN City Sunscreen Serum #430,98.32,4.1,"Water, Ascorbic Acid, Ferulic Acid, Panthenol, Xanthan Gum, Citric Acid, Disodium EDTA",1,1,1,0,1,4,No
Sun Protect,KORA ORGANICS,KORA ORGANICS Defense Refresh Setting Mist #431,79.02,4.2,"Water, Lactic Acid, Glycolic Acid, Sodium Hydroxide, Centella Asiatica Extract, Allantoin",0,1,1,1,0,3,No
Treatment,DRAUNK ELEPHANT,DRAUNK ELEPHANT Resurfacing Serum #432,37.39,3.4,"Water, Ascorbic Acid, Ferulic Acid, Panthenol, Xanthan Gum, Citric Acid, Disodium EDTA",1,0,1,1,1,4,No
Sun Protect,LANEIGE,LANEIGE UV Clear Broad-Spectrum #433,49.77,4.5,"Water, Lactic Acid, Glycolic Acid, Sodium Hydroxide, Centella Asiatica Extract, Allantoin",1,1,1,0,1,4,No
Eye Cream,KORA ORGANICS,KORA ORGANICS Avocado Melt Retinol Eye Cream #434,45.49,4.5,"Water, Titanium Dioxide, Zinc Oxide, Caprylic/Capric Triglyceride, Silica, Iron Oxides",0,1,1,1,1,4,No
Face Mask,THE ORDINARY,THE ORDINARY Clay Detox Mask #435,18.47,4.8,"Water, Titanium Dioxide, Zinc Oxide, Caprylic/Capric Triglyceride, Silica, Iron Oxides",1,0,1,1,0,3,No
Moisturizer,GLOW RECIPE,GLOW RECIPE Protini Polypeptide Cream #436,48.91,4.4,"Water, Ascorbic Acid, Ferulic Acid, Panthenol, Xanthan Gum, Citric Acid, Disodium EDTA",0,0,0,0,0,0,No
Moisturizer,SEPHORA COLLECTION,SEPHORA COLLECTION Crème de la Mer #437,21.55,3.4,"Water, Glycerin, Dimethicone, Niacinamide, Hyaluronic Acid, Squalane, Tocopherol",1,0,1,1,1,4,No
Cleanser,KIEHL'S SINCE 1851,KIEHL'S SINCE 1851 Gentle Skin Cleanser #438,25.27,3.7,"Water, Retinol, Ceramide NP, Cholesterol, Phytosphingosine, Phenoxyethanol, Ethylhexylglycerin",1,1,1,1,1,5,Yes
Treatment,KIEHL'S SINCE 1851,KIEHL'S SINCE 1851 Retinol Reform #439,28.82,4.6,"Water, Glycerin, Dimethicone, Niacinamide, Hyaluronic Acid, Squalane, Tocopherol",0,1,1,1,1,4,No
Moisturizer,FARMACY,FARMACY Ultra Facial Cream #440,57.09,4.9,"Water, Butylene Glycol, Salicylic Acid, Camellia Sinensis Leaf Extract, Sodium Hyaluronate",1,1,0,1,0,3,No
Face Mask,BIOSSANCE,BIOSSANCE Sheet Mask Hydrating #441,106.66,4.8,"Water, Butylene Glycol, Salicylic Acid, Camellia Sinensis Leaf Extract, Sodium Hyaluronate",1,1,1,1,0,4,No
Cleanser,MURAD,MURAD Soy Face Cleanser #442,98.27,3.7,"Water, Glycerin, Dimethicone, Niacinamide, Hyaluronic Acid, Squalane, Tocopherol",1,1,1,1,0,4,No
Treatment,FARMACY,FARMACY Hyaluronic Acid 2% + B5 #443,91.87,3.4,"Water, Glycerin, Dimethicone, Niacinamide, Hyaluronic Acid, Squalane, Tocopherol",0,1,1,1,0,3,No
Cleanser,LANEIGE,LANEIGE Green Clean Makeup Mending Cleansing Balm #444,82.99,3.9,"Water, Titanium Dioxide, Zinc Oxide, Caprylic/Capric Triglyceride, Silica, Iron Oxides",1,1,1,0,1,4,No
Cleanser,LANEIGE,LANEIGE Special Cleansing Gel #445,51.24,4.2,"Water, Titanium Dioxide, Zinc Oxide, Caprylic/Capric Triglyceride, Silica, Iron Oxides",1,1,1,1,1,5,Yes
Treatment,CLINIQUE,CLINIQUE Resurfacing Serum #446,101.29,4.1,"Water, Retinol, Ceramide NP, Cholesterol, Phytosphingosine, Phenoxyethanol, Ethylhexylglycerin",1,1,1,0,0,3,No
Treatment,DERMALOGICA,DERMALOGICA Resurfacing Serum #447,98.62,4.3,"Water, Ascorbic Acid, Ferulic Acid, Panthenol, Xanthan Gum, Citric Acid, Disodium EDTA",1,1,1,1,0,4,No
Treatment,KATE SOMERVILLE,KATE SOMERVILLE Vitamin C Brightening Serum #448,63.05,4.6,"Water, Ascorbic Acid, Ferulic Acid, Panthenol, Xanthan Gum, Citric Acid, Disodium EDTA",0,1,1,1,0,3,No
Treatment,SUNDAY RILEY,SUNDAY RILEY Hyaluronic Acid 2% + B5 #449,40.33,4.4,"Water, Ascorbic Acid, Ferulic Acid, Panthenol, Xanthan Gum, Citric Acid, Disodium EDTA",1,0,1,1,0,3,No
Moisturizer,BELIF,BELIF C-Firma Fresh Day Serum #450,80.66,3.5,"Water, Butylene Glycol, Salicylic Acid, Camellia Sinensis Leaf Extract, Sodium Hyaluronate",1,1,1,1,1,5,Yes
Cleanser,BELIF,BELIF Soy Face Cleanser #451,73.11,4.7,"Water, Titanium Dioxide, Zinc Oxide, Caprylic/Capric Triglyceride, Silica, Iron Oxides",0,0,1,1,0,2,No
Eye Cream,SUNDAY RILEY,SUNDAY RILEY Banana Bright Eye Crème #452,104.0,3.7,"Water, Retinol, Ceramide NP, Cholesterol, Phytosphingosine, Phenoxyethanol, Ethylhexylglycerin",1,1,1,1,1,5,Yes
Treatment,TATCHA,TATCHA Resurfacing Serum #453,248.42,4.5,"Water, Lactic Acid, Glycolic Acid, Sodium Hydroxide, Centella Asiatica Extract, Allantoin",1,1,1,1,0,4,No
Eye Cream,BIOSSANCE,BIOSSANCE Autocorrect Brightening Eye Cream #454,40.61,4.4,"Water, Ascorbic Acid, Ferulic Acid, Panthenol, Xanthan Gum, Citric Acid, Disodium EDTA",1,1,1,1,1,5,Yes
Sun Protect,KORA ORGANICS,KORA ORGANICS Unseen Sunscreen SPF 40 #455,38.35,3.7,"Water, Retinol, Ceramide NP, Cholesterol, Phytosphingosine, Phenoxyethanol, Ethylhexylglycerin",1,1,0,1,0,3,No
Eye Cream,ORIGINS,ORIGINS Concentrate Eye Cream #456,59.46,4.3,"Water, Titanium Dioxide, Zinc Oxide, Caprylic/Capric Triglyceride, Silica, Iron Oxides",1,1,1,1,0,4,No
Treatment,SUPERGOOP!,SUPERGOOP! Niacinamide 10% + Zinc 1% #457,106.54,3.4,"Water, Glycerin, Dimethicone, Niacinamide, Hyaluronic Acid, Squalane, Tocopherol",1,1,1,1,1,5,Yes
Treatment,PAULA'S CHOICE,PAULA'S CHOICE BHA Liquid Exfoliant #458,97.59,3.4,"Water, Titanium Dioxide, Zinc Oxide, Caprylic/Capric Triglyceride, Silica, Iron Oxides",1,1,1,1,1,5,Yes
Treatment,SEPHORA COLLECTION,SEPHORA COLLECTION Retinol Reform #459,10.97,4.7,"Water, Butylene Glycol, Salicylic Acid, Camellia Sinensis Leaf Extract, Sodium Hyaluronate",1,0,1,1,1,4,No
Eye Cream,ESTÉE LAUDER,ESTÉE LAUDER Peptide Eye Complex #460,30.64,3.9,"Water, Retinol, Ceramide NP, Cholesterol, Phytosphingosine, Phenoxyethanol, Ethylhexylglycerin",1,1,1,1,1,5,Yes
Sun Protect,BIOSSANCE,BIOSSANCE Unseen Sunscreen SPF 40 #461,91.09,4.8,"Water, Lactic Acid, Glycolic Acid, Sodium Hydroxide, Centella Asiatica Extract, Allantoin",1,1,0,1,0,3,No
Sun Protect,LA MER,LA MER Hydro UV Defense SPF 50 #462,320.45,4.0,"Water, Lactic Acid, Glycolic Acid, Sodium Hydroxide, Centella Asiatica Extract, Allantoin",1,0,1,1,0,3,No
Cleanser,TATCHA,TATCHA Foaming Facial Cleanser #463,376.6,4.5,"Water, Ascorbic Acid, Ferulic Acid, Panthenol, Xanthan Gum, Citric Acid, Disodium EDTA",1,1,0,1,1,4,No
Cleanser,CLINIQUE,CLINIQUE Kalie Squalane Cleanser #464,31.1,4.3,"Water, Glycerin, Dimethicone, Niacinamide, Hyaluronic Acid, Squalane, Tocopherol",0,0,1,1,1,3,No
Sun Protect,CLINIQUE,CLINIQUE Mineral Mattescreen SPF 30 #465,65.36,3.7,"Water, Retinol, Ceramide NP, Cholesterol, Phytosphingosine, Phenoxyethanol, Ethylhexylglycerin",1,1,1,1,0,4,No
Face Mask,ORIGINS,ORIGINS Sheet Mask Hydrating #466,103.48,3.5,"Water, Titanium Dioxide, Zinc Oxide, Caprylic/Capric Triglyceride, Silica, Iron Oxides",0,1,1,1,0,3,No
Treatment,OLEHENRIKSEN,OLEHENRIKSEN Luna Sleeping Night Oil #467,90.19,3.7,"Water, Lactic Acid, Glycolic Acid, Sodium Hydroxide, Centella Asiatica Extract, Allantoin",0,1,0,1,0,2,No
Cleanser,MURAD,MURAD Gentle Skin Cleanser #468,89.17,4.7,"Water, Glycerin, Dimethicone, Niacinamide, Hyaluronic Acid, Squalane, Tocopherol",1,1,1,1,1,5,Yes
Treatment,FARMACY,FARMACY Resurfacing Serum #469,62.71,3.4,"Water, Butylene Glycol, Salicylic Acid, Camellia Sinensis Leaf Extract, Sodium Hyaluronate",1,1,1,1,0,4,No
Sun Protect,SK-II,SK-II UV Clear Broad-Spectrum #470,264.07,4.4,"Water, Glycerin, Dimethicone, Niacinamide, Hyaluronic Acid, Squalane, Tocopherol",1,1,1,1,0,4,No
Sun Protect,HERBIVORE,HERBIVORE Unseen Sunscreen SPF 40 #471,63.99,4.8,"Water, Glycerin, Dimethicone, Niacinamide, Hyaluronic Acid, Squalane, Tocopherol",0,0,1,1,1,3,No
Treatment,BIOSSANCE,BIOSSANCE BHA Liquid Exfoliant #472,108.26,4.2,"Water, Titanium Dioxide, Zinc Oxide, Caprylic/Capric Triglyceride, Silica, Iron Oxides",1,0,0,1,0,2,No
Cleanser,TULA,TULA Micellar Cleansing Water #473,72.22,4.5,"Water, Glycerin, Dimethicone, Niacinamide, Hyaluronic Acid, Squalane, Tocopherol",1,0,1,1,1,4,No
Sun Protect,FRESH,FRESH Unseen Sunscreen SPF 40 #474,53.82,3.9,"Water, Titanium Dioxide, Zinc Oxide, Caprylic/Capric Triglyceride, Silica, Iron Oxides",1,1,1,1,0,4,No
Face Mask,SK-II,SK-II Clay Detox Mask #475,370.24,3.7,"Water, Lactic Acid, Glycolic Acid, Sodium Hydroxide, Centella Asiatica Extract, Allantoin",0,1,1,1,0,3,No
Face Mask,THE ORDINARY,THE ORDINARY Clay Detox Mask #476,9.29,4.9,"Water, Ascorbic Acid, Ferulic Acid, Panthenol, Xanthan Gum, Citric Acid, Disodium EDTA",1,1,1,0,0,3,No
Eye Cream,KATE SOMERVILLE,KATE SOMERVILLE Peptide Eye Complex #477,92.81,4.7,"Water, Lactic Acid, Glycolic Acid, Sodium Hydroxide, Centella Asiatica Extract, Allantoin",1,1,1,0,0,3,No
Moisturizer,KATE SOMERVILLE,KATE SOMERVILLE The Water Cream #478,39.84,4.7,"Water, Butylene Glycol, Salicylic Acid, Camellia Sinensis Leaf Extract, Sodium Hyaluronate",1,0,0,1,0,2,No
Face Mask,HERBIVORE,HERBIVORE Water Sleeping Mask #479,91.0,3.6,"Water, Butylene Glycol, Salicylic Acid, Camellia Sinensis Leaf Extract, Sodium Hyaluronate",1,0,1,0,0,2,No
Sun Protect,SK-II,SK-II City Sunscreen Serum #480,118.05,4.6,"Water, Butylene Glycol, Salicylic Acid, Camellia Sinensis Leaf Extract, Sodium Hyaluronate",0,0,1,1,1,3,No
Face Mask,CLINIQUE,CLINIQUE Water Sleeping Mask #481,40.62,3.4,"Water, Glycerin, Dimethicone, Niacinamide, Hyaluronic Acid, Squalane, Tocopherol",1,1,1,0,0,3,No
Moisturizer,GLOW RECIPE,GLOW RECIPE Honeymoon Glow AHA #482,98.57,4.1,"Water, Lactic Acid, Glycolic Acid, Sodium Hydroxide, Centella Asiatica Extract, Allantoin",0,1,0,1,1,3,No
Eye Cream,BIOSSANCE,BIOSSANCE Peptide Eye Complex #483,50.91,4.3,"Water, Titanium Dioxide, Zinc Oxide, Caprylic/Capric Triglyceride, Silica, Iron Oxides",1,1,0,1,1,4,No
Cleanser,KORA ORGANICS,KORA ORGANICS Foaming Facial Cleanser #484,108.61,3.5,"Water, Retinol, Ceramide NP, Cholesterol, Phytosphingosine, Phenoxyethanol, Ethylhexylglycerin",1,1,1,1,1,5,Yes
Treatment,CAUDALIE,CAUDALIE Niacinamide 10% + Zinc 1% #485,38.32,3.8,"Water, Glycerin, Dimethicone, Niacinamide, Hyaluronic Acid, Squalane, Tocopherol",1,1,0,1,1,4,No
Cleanser,KATE SOMERVILLE,KATE SOMERVILLE Gentle Skin Cleanser #486,57.8,3.9,"Water, Glycerin, Dimethicone, Niacinamide, Hyaluronic Acid, Squalane, Tocopherol",1,1,1,1,1,5,Yes
Treatment,ORIGINS,ORIGINS Retinol Reform #487,85.78,3.6,"Water, Glycerin, Dimethicone, Niacinamide, Hyaluronic Acid, Squalane, Tocopherol",0,0,1,1,0,2,No
Face Mask,BIOSSANCE,BIOSSANCE Jet Lag Mask #488,90.07,4.8,"Water, Ascorbic Acid, Ferulic Acid, Panthenol, Xanthan Gum, Citric Acid, Disodium EDTA",1,1,1,0,1,4,No
Face Mask,FIRST AID BEAUTY,FIRST AID BEAUTY Superberry Hydrate + Glow Dream Mask #489,86.79,4.8,"Water, Lactic Acid, Glycolic Acid, Sodium Hydroxide, Centella Asiatica Extract, Allantoin",1,1,1,0,1,4,No
Eye Cream,SHISEIDO,SHISEIDO Banana Bright Eye Crème #490,63.44,4.7,"Water, Ascorbic Acid, Ferulic Acid, Panthenol, Xanthan Gum, Citric Acid, Disodium EDTA",1,1,1,0,1,4,No
Face Mask,DRAUNK ELEPHANT,DRAUNK ELEPHANT Babyfacial AHA/BHA Mask #491,30.83,4.3,"Water, Butylene Glycol, Salicylic Acid, Camellia Sinensis Leaf Extract, Sodium Hyaluronate",1,1,1,0,0,3,No
Moisturizer,OLEHENRIKSEN,OLEHENRIKSEN Crème de la Mer #492,36.5,3.4,"Water, Ascorbic Acid, Ferulic Acid, Panthenol, Xanthan Gum, Citric Acid, Disodium EDTA",1,0,1,1,1,4,No
Face Mask,GLOW RECIPE,GLOW RECIPE Water Sleeping Mask #493,81.8,4.3,"Water, Titanium Dioxide, Zinc Oxide, Caprylic/Capric Triglyceride, Silica, Iron Oxides",1,1,1,1,1,5,Yes
Treatment,ORIGINS,ORIGINS Vitamin C Brightening Serum #494,101.19,4.6,"Water, Retinol, Ceramide NP, Cholesterol, Phytosphingosine, Phenoxyethanol, Ethylhexylglycerin",1,0,0,0,1,2,No
Sun Protect,HERBIVORE,HERBIVORE City Sunscreen Serum #495,69.33,4.2,"Water, Titanium Dioxide, Zinc Oxide, Caprylic/Capric Triglyceride, Silica, Iron Oxides",1,1,1,1,1,5,Yes
Sun Protect,CAUDALIE,CAUDALIE UV Clear Broad-Spectrum #496,76.36,3.9,"Water, Ascorbic Acid, Ferulic Acid, Panthenol, Xanthan Gum, Citric Acid, Disodium EDTA",1,1,0,1,1,4,No
Cleanser,PAULA'S CHOICE,PAULA'S CHOICE Superfood Antioxidant Cleanser #497,108.22,3.4,"Water, Glycerin, Dimethicone, Niacinamide, Hyaluronic Acid, Squalane, Tocopherol",0,1,1,1,1,4,No
Moisturizer,IT COSMETICS,IT COSMETICS Lala Retro Whipped Cream #498,72.2,4.4,"Water, Glycerin, Dimethicone, Niacinamide, Hyaluronic Acid, Squalane, Tocopherol",1,0,1,1,0,3,No
Treatment,TULA,TULA Vitamin C Brightening Serum #499,89.96,3.6,"Water, Lactic Acid, Glycolic Acid, Sodium Hydroxide, Centella Asiatica Extract, Allantoin",1,1,1,0,0,3,No
Treatment,IT COSMETICS,IT COSMETICS Niacinamide 10% + Zinc 1% #500,102.79,4.6,"Water, Titanium Dioxide, Zinc Oxide, Caprylic/Capric Triglyceride, Silica, Iron Oxides",1,1,1,1,0,4,No
Face Mask,DRAUNK ELEPHANT,DRAUNK ELEPHANT Sheet Mask Hydrating #501,28.82,4.2,"Water, Ascorbic Acid, Ferulic Acid, Panthenol, Xanthan Gum, Citric Acid, Disodium EDTA",1,1,1,1,0,4,No
Moisturizer,SEPHORA COLLECTION,SEPHORA COLLECTION The True Cream Aqua Bomb #502,19.61,3.9,"Water, Retinol, Ceramide NP, Cholesterol, Phytosphingosine, Phenoxyethanol, Ethylhexylglycerin",1,1,1,1,0,4,No
Sun Protect,ORIGINS,ORIGINS Hydro UV Defense SPF 50 #503,26.72,4.0,"Water, Retinol, Ceramide NP, Cholesterol, Phytosphingosine, Phenoxyethanol, Ethylhexylglycerin",1,0,0,1,0,2,No
Eye Cream,FIRST AID BEAUTY,FIRST AID BEAUTY Autocorrect Brightening Eye Cream #504,33.65,4.6,"Water, Butylene Glycol, Salicylic Acid, Camellia Sinensis Leaf Extract, Sodium Hyaluronate",1,1,1,1,0,4,No
Cleanser,IT COSMETICS,IT COSMETICS Micellar Cleansing Water #505,86.99,4.2,"Water, Lactic Acid, Glycolic Acid, Sodium Hydroxide, Centella Asiatica Extract, Allantoin",1,1,1,0,1,4,No
Face Mask,BIOSSANCE,BIOSSANCE Sheet Mask Hydrating #506,98.37,3.6,"Water, Lactic Acid, Glycolic Acid, Sodium Hydroxide, Centella Asiatica Extract, Allantoin",1,1,1,1,1,5,Yes
Moisturizer,KORA ORGANICS,KORA ORGANICS The True Cream Aqua Bomb #507,25.93,4.5,"Water, Titanium Dioxide, Zinc Oxide, Caprylic/Capric Triglyceride, Silica, Iron Oxides",1,0,1,0,0,2,No
Treatment,KATE SOMERVILLE,KATE SOMERVILLE Vitamin C Brightening Serum #508,90.46,4.4,"Water, Lactic Acid, Glycolic Acid, Sodium Hydroxide, Centella Asiatica Extract, Allantoin",1,1,1,1,1,5,Yes
Eye Cream,TULA,TULA Banana Bright Eye Crème #509,41.77,3.9,"Water, Lactic Acid, Glycolic Acid, Sodium Hydroxide, Centella Asiatica Extract, Allantoin",1,1,1,0,0,3,No
Moisturizer,FIRST AID BEAUTY,FIRST AID BEAUTY Dewy Skin Cream #510,100.73,4.2,"Water, Glycerin, Dimethicone, Niacinamide, Hyaluronic Acid, Squalane, Tocopherol",1,1,0,1,1,4,No
Face Mask,TATCHA,TATCHA Jet Lag Mask #511,218.68,3.7,"Water, Ascorbic Acid, Ferulic Acid, Panthenol, Xanthan Gum, Citric Acid, Disodium EDTA",0,0,1,1,0,2,No
Sun Protect,KATE SOMERVILLE,KATE SOMERVILLE Unseen Sunscreen SPF 40 #512,107.74,4.5,"Water, Retinol, Ceramide NP, Cholesterol, Phytosphingosine, Phenoxyethanol, Ethylhexylglycerin",1,1,0,1,1,4,No
Treatment,DERMALOGICA,DERMALOGICA Niacinamide 10% + Zinc 1% #513,43.93,3.7,"Water, Ascorbic Acid, Ferulic Acid, Panthenol, Xanthan Gum, Citric Acid, Disodium EDTA",1,0,0,0,0,1,No
Treatment,DERMALOGICA,DERMALOGICA Niacinamide 10% + Zinc 1% #514,26.6,4.1,"Water, Lactic Acid, Glycolic Acid, Sodium Hydroxide, Centella Asiatica Extract, Allantoin",0,1,1,1,0,3,No
Eye Cream,CLINIQUE,CLINIQUE Lightful C Eye Cream #515,32.85,4.6,"Water, Glycerin, Dimethicone, Niacinamide, Hyaluronic Acid, Squalane, Tocopherol",1,1,1,1,1,5,Yes
Eye Cream,DRAUNK ELEPHANT,DRAUNK ELEPHANT Autocorrect Brightening Eye Cream #516,77.4,4.2,"Water, Retinol, Ceramide NP, Cholesterol, Phytosphingosine, Phenoxyethanol, Ethylhexylglycerin",0,1,1,0,1,3,No
Face Mask,IT COSMETICS,IT COSMETICS Clay Detox Mask #517,83.7,3.7,"Water, Titanium Dioxide, Zinc Oxide, Caprylic/Capric Triglyceride, Silica, Iron Oxides",1,1,1,1,0,4,No
Eye Cream,BELIF,BELIF Avocado Melt Retinol Eye Cream #518,39.15,4.8,"Water, Glycerin, Dimethicone, Niacinamide, Hyaluronic Acid, Squalane, Tocopherol",1,1,1,1,1,5,Yes
Moisturizer,ESTÉE LAUDER,ESTÉE LAUDER Protini Polypeptide Cream #519,100.3,4.8,"Water, Titanium Dioxide, Zinc Oxide, Caprylic/Capric Triglyceride, Silica, Iron Oxides",1,1,1,1,0,4,No
Face Mask,SUPERGOOP!,SUPERGOOP! Water Sleeping Mask #520,41.69,4.7,"Water, Lactic Acid, Glycolic Acid, Sodium Hydroxide, Centella Asiatica Extract, Allantoin",1,1,1,1,1,5,Yes
Eye Cream,TULA,TULA Avocado Melt Retinol Eye Cream #521,96.9,4.7,"Water, Glycerin, Dimethicone, Niacinamide, Hyaluronic Acid, Squalane, Tocopherol",1,1,1,1,1,5,Yes
Treatment,SK-II,SK-II BHA Liquid Exfoliant #522,220.2,4.3,"Water, Titanium Dioxide, Zinc Oxide, Caprylic/Capric Triglyceride, Silica, Iron Oxides",1,1,0,1,1,4,No
Eye Cream,ESTÉE LAUDER,ESTÉE LAUDER Peptide Eye Complex #523,38.91,3.6,"Water, Ascorbic Acid, Ferulic Acid, Panthenol, Xanthan Gum, Citric Acid, Disodium EDTA",0,0,0,0,0,0,No
Sun Protect,CLINIQUE,CLINIQUE Mineral Mattescreen SPF 30 #524,25.0,4.4,"Water, Butylene Glycol, Salicylic Acid, Camellia Sinensis Leaf Extract, Sodium Hyaluronate",0,1,1,1,0,3,No
Sun Protect,DRAUNK ELEPHANT,DRAUNK ELEPHANT UV Clear Broad-Spectrum #525,100.85,4.4,"Water, Retinol, Ceramide NP, Cholesterol, Phytosphingosine, Phenoxyethanol, Ethylhexylglycerin",1,1,0,1,1,4,No
Treatment,PAULA'S CHOICE,PAULA'S CHOICE Retinol Reform #526,60.53,3.4,"Water, Retinol, Ceramide NP, Cholesterol, Phytosphingosine, Phenoxyethanol, Ethylhexylglycerin",1,0,0,1,1,3,No
Moisturizer,MARIO BADESCU,MARIO BADESCU Lala Retro Whipped Cream #527,33.73,4.1,"Water, Titanium Dioxide, Zinc Oxide, Caprylic/Capric Triglyceride, Silica, Iron Oxides",1,1,1,1,1,5,Yes
Eye Cream,KIEHL'S SINCE 1851,KIEHL'S SINCE 1851 Autocorrect Brightening Eye Cream #528,64.63,4.5,"Water, Titanium Dioxide, Zinc Oxide, Caprylic/Capric Triglyceride, Silica, Iron Oxides",1,0,1,1,1,4,No
Face Mask,DERMALOGICA,DERMALOGICA Clay Detox Mask #529,101.92,4.3,"Water, Lactic Acid, Glycolic Acid, Sodium Hydroxide, Centella Asiatica Extract, Allantoin",0,0,1,1,0,2,No
Moisturizer,FIRST AID BEAUTY,FIRST AID BEAUTY Dewy Skin Cream #530,46.4,4.3,"Water, Ascorbic Acid, Ferulic Acid, Panthenol, Xanthan Gum, Citric Acid, Disodium EDTA",1,1,1,1,0,4,No
Face Mask,KIEHL'S SINCE 1851,KIEHL'S SINCE 1851 Water Sleeping Mask #531,67.48,4.7,"Water, Lactic Acid, Glycolic Acid, Sodium Hydroxide, Centella Asiatica Extract, Allantoin",1,1,1,1,0,4,No
Moisturizer,FARMACY,FARMACY Dewy Skin Cream #532,39.02,4.3,"Water, Butylene Glycol, Salicylic Acid, Camellia Sinensis Leaf Extract, Sodium Hyaluronate",0,0,1,1,0,2,No
Face Mask,GLOW RECIPE,GLOW RECIPE Charcoal Pore Minimizing Mask #533,69.36,3.4,"Water, Glycerin, Dimethicone, Niacinamide, Hyaluronic Acid, Squalane, Tocopherol",1,1,0,1,1,4,No
Cleanser,SUPERGOOP!,SUPERGOOP! Gentle Skin Cleanser #534,42.13,4.5,"Water, Lactic Acid, Glycolic Acid, Sodium Hydroxide, Centella Asiatica Extract, Allantoin",1,0,1,1,0,3,No
Face Mask,YOUTH TO THE PEOPLE,YOUTH TO THE PEOPLE Babyfacial AHA/BHA Mask #535,49.92,4.5,"Water, Ascorbic Acid, Ferulic Acid, Panthenol, Xanthan Gum, Citric Acid, Disodium EDTA",1,1,0,1,0,3,No
Cleanser,KORA ORGANICS,KORA ORGANICS Foaming Facial Cleanser #536,25.02,4.8,"Water, Retinol, Ceramide NP, Cholesterol, Phytosphingosine, Phenoxyethanol, Ethylhexylglycerin",0,0,1,1,0,2,No
Face Mask,HERBIVORE,HERBIVORE Superberry Hydrate + Glow Dream Mask #537,47.25,4.6,"Water, Lactic Acid, Glycolic Acid, Sodium Hydroxide, Centella Asiatica Extract, Allantoin",0,1,1,0,0,2,No
Sun Protect,GLOW RECIPE,GLOW RECIPE City Sunscreen Serum #538,71.09,4.4,"Water, Glycerin, Dimethicone, Niacinamide, Hyaluronic Acid, Squalane, Tocopherol",1,1,1,1,1,5,Yes
Treatment,PAULA'S CHOICE,PAULA'S CHOICE Resurfacing Serum #539,45.66,3.5,"Water, Ascorbic Acid, Ferulic Acid, Panthenol, Xanthan Gum, Citric Acid, Disodium EDTA",1,1,1,1,1,5,Yes
Moisturizer,CLINIQUE,CLINIQUE Midnight Recovery Concentrate #540,80.45,4.7,"Water, Ascorbic Acid, Ferulic Acid, Panthenol, Xanthan Gum, Citric Acid, Disodium EDTA",1,1,1,1,0,4,No
Face Mask,SUNDAY RILEY,SUNDAY RILEY Sheet Mask Hydrating #541,63.0,4.9,"Water, Retinol, Ceramide NP, Cholesterol, Phytosphingosine, Phenoxyethanol, Ethylhexylglycerin",1,0,1,1,0,3,No
Moisturizer,BIOSSANCE,BIOSSANCE Midnight Recovery Concentrate #542,52.61,3.5,"Water, Lactic Acid, Glycolic Acid, Sodium Hydroxide, Centella Asiatica Extract, Allantoin",1,1,1,1,0,4,No
Eye Cream,YOUTH TO THE PEOPLE,YOUTH TO THE PEOPLE Autocorrect Brightening Eye Cream #543,79.51,3.6,"Water, Ascorbic Acid, Ferulic Acid, Panthenol, Xanthan Gum, Citric Acid, Disodium EDTA",0,1,1,1,0,3,No
Moisturizer,DRUNK ELEPHANT,DRUNK ELEPHANT The Water Cream #544,30.06,4.5,"Water, Retinol, Ceramide NP, Cholesterol, Phytosphingosine, Phenoxyethanol, Ethylhexylglycerin",1,1,1,1,1,5,Yes
Sun Protect,BIOSSANCE,BIOSSANCE City Sunscreen Serum #545,37.04,3.9,"Water, Retinol, Ceramide NP, Cholesterol, Phytosphingosine, Phenoxyethanol, Ethylhexylglycerin",1,1,0,1,1,4,No
Sun Protect,SUNDAY RILEY,SUNDAY RILEY Defense Refresh Setting Mist #546,43.42,4.0,"Water, Titanium Dioxide, Zinc Oxide, Caprylic/Capric Triglyceride, Silica, Iron Oxides",0,1,1,1,0,3,No
Face Mask,TATCHA,TATCHA Sheet Mask Hydrating #547,384.13,4.4,"Water, Lactic Acid, Glycolic Acid, Sodium Hydroxide, Centella Asiatica Extract, Allantoin",1,1,0,1,0,3,No
Cleanser,DRUNK ELEPHANT,DRUNK ELEPHANT Foaming Facial Cleanser #548,80.82,3.8,"Water, Retinol, Ceramide NP, Cholesterol, Phytosphingosine, Phenoxyethanol, Ethylhexylglycerin",1,0,0,1,1,3,No
Sun Protect,LANCÔME,LANCÔME Mineral Mattescreen SPF 30 #549,27.07,3.4,"Water, Ascorbic Acid, Ferulic Acid, Panthenol, Xanthan Gum, Citric Acid, Disodium EDTA",1,1,0,1,0,3,No
Face Mask,KATE SOMERVILLE,KATE SOMERVILLE Charcoal Pore Minimizing Mask #550,93.81,4.8,"Water, Glycerin, Dimethicone, Niacinamide, Hyaluronic Acid, Squalane, Tocopherol",1,0,1,1,1,4,No
Face Mask,FARMACY,FARMACY Water Sleeping Mask #551,93.41,4.4,"Water, Retinol, Ceramide NP, Cholesterol, Phytosphingosine, Phenoxyethanol, Ethylhexylglycerin",1,1,1,1,0,4,No
Face Mask,SK-II,SK-II Babyfacial AHA/BHA Mask #552,358.08,4.3,"Water, Butylene Glycol, Salicylic Acid, Camellia Sinensis Leaf Extract, Sodium Hyaluronate",1,1,1,1,0,4,No
Moisturizer,DERMALOGICA,DERMALOGICA Dewy Skin Cream #553,38.68,4.3,"Water, Glycerin, Dimethicone, Niacinamide, Hyaluronic Acid, Squalane, Tocopherol",1,1,1,1,0,4,No
Face Mask,IT COSMETICS,IT COSMETICS Charcoal Pore Minimizing Mask #554,95.89,4.5,"Water, Retinol, Ceramide NP, Cholesterol, Phytosphingosine, Phenoxyethanol, Ethylhexylglycerin",1,1,1,1,0,4,No
Moisturizer,GLOW RECIPE,GLOW RECIPE Lala Retro Whipped Cream #555,29.44,3.8,"Water, Retinol, Ceramide NP, Cholesterol, Phytosphingosine, Phenoxyethanol, Ethylhexylglycerin",1,0,1,1,0,3,No
Eye Cream,DRUNK ELEPHANT,DRUNK ELEPHANT Autocorrect Brightening Eye Cream #556,32.6,4.7,"Water, Ascorbic Acid, Ferulic Acid, Panthenol, Xanthan Gum, Citric Acid, Disodium EDTA",0,1,1,1,1,4,No
Moisturizer,LA MER,LA MER Protini Polypeptide Cream #557,363.58,4.5,"Water, Ascorbic Acid, Ferulic Acid, Panthenol, Xanthan Gum, Citric Acid, Disodium EDTA",1,1,0,0,0,2,No
Cleanser,HERBIVORE,HERBIVORE Micellar Cleansing Water #558,59.43,4.8,"Water, Ascorbic Acid, Ferulic Acid, Panthenol, Xanthan Gum, Citric Acid, Disodium EDTA",1,1,0,1,0,3,No
Treatment,DRAUNK ELEPHANT,DRAUNK ELEPHANT Luna Sleeping Night Oil #559,71.96,3.7,"Water, Ascorbic Acid, Ferulic Acid, Panthenol, Xanthan Gum, Citric Acid, Disodium EDTA",1,0,1,1,0,3,No
Treatment,TATCHA,TATCHA BHA Liquid Exfoliant #560,127.68,3.6,"Water, Retinol, Ceramide NP, Cholesterol, Phytosphingosine, Phenoxyethanol, Ethylhexylglycerin",0,1,1,1,1,4,No
Sun Protect,MURAD,MURAD City Sunscreen Serum #561,42.02,3.8,"Water, Ascorbic Acid, Ferulic Acid, Panthenol, Xanthan Gum, Citric Acid, Disodium EDTA",0,1,1,1,0,3,No
Cleanser,SK-II,SK-II Micellar Cleansing Water #562,244.32,3.5,"Water, Butylene Glycol, Salicylic Acid, Camellia Sinensis Leaf Extract, Sodium Hyaluronate",0,0,0,0,0,0,No
Cleanser,FARMACY,FARMACY Kalie Squalane Cleanser #563,43.59,3.8,"Water, Retinol, Ceramide NP, Cholesterol, Phytosphingosine, Phenoxyethanol, Ethylhexylglycerin",1,1,1,1,1,5,Yes
Eye Cream,LANEIGE,LANEIGE Banana Bright Eye Crème #564,100.58,3.6,"Water, Ascorbic Acid, Ferulic Acid, Panthenol, Xanthan Gum, Citric Acid, Disodium EDTA",0,1,0,1,0,2,No
Face Mask,LANCÔME,LANCÔME Sheet Mask Hydrating #565,54.84,3.8,"Water, Lactic Acid, Glycolic Acid, Sodium Hydroxide, Centella Asiatica Extract, Allantoin",1,1,1,1,0,4,No
Moisturizer,DERMALOGICA,DERMALOGICA Honeymoon Glow AHA #566,59.97,4.5,"Water, Butylene Glycol, Salicylic Acid, Camellia Sinensis Leaf Extract, Sodium Hyaluronate",1,1,1,0,1,4,No
Face Mask,KORA ORGANICS,KORA ORGANICS Babyfacial AHA/BHA Mask #567,98.15,3.7,"Water, Retinol, Ceramide NP, Cholesterol, Phytosphingosine, Phenoxyethanol, Ethylhexylglycerin",0,0,1,1,0,2,No
Cleanser,ORIGINS,ORIGINS Foaming Facial Cleanser #568,73.83,4.7,"Water, Ascorbic Acid, Ferulic Acid, Panthenol, Xanthan Gum, Citric Acid, Disodium EDTA",1,1,0,1,1,4,No
Face Mask,TULA,TULA Jet Lag Mask #569,60.61,4.0,"Water, Titanium Dioxide, Zinc Oxide, Caprylic/Capric Triglyceride, Silica, Iron Oxides",1,1,0,0,1,3,No
Eye Cream,LA MER,LA MER Peptide Eye Complex #570,307.22,4.8,"Water, Butylene Glycol, Salicylic Acid, Camellia Sinensis Leaf Extract, Sodium Hyaluronate",1,0,1,1,1,4,No
Face Mask,FIRST AID BEAUTY,FIRST AID BEAUTY Water Sleeping Mask #571,84.48,4.7,"Water, Titanium Dioxide, Zinc Oxide, Caprylic/Capric Triglyceride, Silica, Iron Oxides",1,1,0,0,1,3,No
Cleanser,MURAD,MURAD Micellar Cleansing Water #572,84.54,3.4,"Water, Titanium Dioxide, Zinc Oxide, Caprylic/Capric Triglyceride, Silica, Iron Oxides",1,1,1,1,0,4,No
Face Mask,HERBIVORE,HERBIVORE Sheet Mask Hydrating #573,105.36,4.2,"Water, Butylene Glycol, Salicylic Acid, Camellia Sinensis Leaf Extract, Sodium Hyaluronate",1,0,1,1,1,4,No
Moisturizer,BIOSSANCE,BIOSSANCE Lala Retro Whipped Cream #574,64.02,3.5,"Water, Lactic Acid, Glycolic Acid, Sodium Hydroxide, Centella Asiatica Extract, Allantoin",1,1,1,0,0,3,No
Cleanser,KATE SOMERVILLE,KATE SOMERVILLE Green Clean Makeup Mending Cleansing Balm #575,79.82,4.5,"Water, Ascorbic Acid, Ferulic Acid, Panthenol, Xanthan Gum, Citric Acid, Disodium EDTA",1,1,1,1,0,4,No
Eye Cream,KORA ORGANICS,KORA ORGANICS Concentrate Eye Cream #576,28.68,4.0,"Water, Retinol, Ceramide NP, Cholesterol, Phytosphingosine, Phenoxyethanol, Ethylhexylglycerin",0,1,0,1,1,3,No
Eye Cream,MURAD,MURAD Peptide Eye Complex #577,105.3,4.6,"Water, Glycerin, Dimethicone, Niacinamide, Hyaluronic Acid, Squalane, Tocopherol",1,1,1,1,1,5,Yes
Cleanser,CAUDALIE,CAUDALIE Green Clean Makeup Mending Cleansing Balm #578,33.41,3.8,"Water, Titanium Dioxide, Zinc Oxide, Caprylic/Capric Triglyceride, Silica, Iron Oxides",1,1,1,0,1,4,No
Treatment,DRAUNK ELEPHANT,DRAUNK ELEPHANT Retinol Reform #579,64.76,4.0,"Water, Titanium Dioxide, Zinc Oxide, Caprylic/Capric Triglyceride, Silica, Iron Oxides",1,0,1,1,1,4,No
Cleanser,KORA ORGANICS,KORA ORGANICS Kalie Squalane Cleanser #580,59.41,3.9,"Water, Titanium Dioxide, Zinc Oxide, Caprylic/Capric Triglyceride, Silica, Iron Oxides",1,1,0,1,0,3,No
Eye Cream,CLINIQUE,CLINIQUE Concentrate Eye Cream #581,38.77,3.8,"Water, Retinol, Ceramide NP, Cholesterol, Phytosphingosine, Phenoxyethanol, Ethylhexylglycerin",1,0,1,0,0,2,No
Treatment,DERMALOGICA,DERMALOGICA Retinol Reform #582,77.2,3.6,"Water, Ascorbic Acid, Ferulic Acid, Panthenol, Xanthan Gum, Citric Acid, Disodium EDTA",1,1,1,0,0,3,No
Cleanser,FARMACY,FARMACY Soy Face Cleanser #583,109.46,4.3,"Water, Retinol, Ceramide NP, Cholesterol, Phytosphingosine, Phenoxyethanol, Ethylhexylglycerin",1,0,1,0,1,3,No
Sun Protect,ORIGINS,ORIGINS City Sunscreen Serum #584,36.72,4.1,"Water, Butylene Glycol, Salicylic Acid, Camellia Sinensis Leaf Extract, Sodium Hyaluronate",1,1,1,1,1,5,Yes
Cleanser,DERMALOGICA,DERMALOGICA Kalie Squalane Cleanser #585,37.42,4.9,"Water, Ascorbic Acid, Ferulic Acid, Panthenol, Xanthan Gum, Citric Acid, Disodium EDTA",1,0,0,1,0,2,No
Eye Cream,SUPERGOOP!,SUPERGOOP! Concentrate Eye Cream #586,83.27,4.5,"Water, Glycerin, Dimethicone, Niacinamide, Hyaluronic Acid, Squalane, Tocopherol",1,1,1,1,1,5,Yes
Eye Cream,PAULA'S CHOICE,PAULA'S CHOICE Avocado Melt Retinol Eye Cream #587,54.74,3.9,"Water, Ascorbic Acid, Ferulic Acid, Panthenol, Xanthan Gum, Citric Acid, Disodium EDTA",1,1,1,0,1,4,No
Moisturizer,KATE SOMERVILLE,KATE SOMERVILLE Honeymoon Glow AHA #588,82.23,4.8,"Water, Ascorbic Acid, Ferulic Acid, Panthenol, Xanthan Gum, Citric Acid, Disodium EDTA",0,1,0,1,1,3,No
Sun Protect,MURAD,MURAD UV Clear Broad-Spectrum #589,36.72,4.7,"Water, Lactic Acid, Glycolic Acid, Sodium Hydroxide, Centella Asiatica Extract, Allantoin",0,0,1,1,0,2,No
Treatment,FIRST AID BEAUTY,FIRST AID BEAUTY Niacinamide 10% + Zinc 1% #590,99.19,3.5,"Water, Titanium Dioxide, Zinc Oxide, Caprylic/Capric Triglyceride, Silica, Iron Oxides",0,1,0,1,0,2,No
Sun Protect,KORA ORGANICS,KORA ORGANICS Hydro UV Defense SPF 50 #591,101.09,3.6,"Water, Ascorbic Acid, Ferulic Acid, Panthenol, Xanthan Gum, Citric Acid, Disodium EDTA",1,1,1,1,1,5,Yes
Eye Cream,IT COSMETICS,IT COSMETICS Banana Bright Eye Crème #592,104.25,4.3,"Water, Retinol, Ceramide NP, Cholesterol, Phytosphingosine, Phenoxyethanol, Ethylhexylglycerin",1,1,0,1,1,4,No
Cleanser,DERMALOGICA,DERMALOGICA Gentle Skin Cleanser #593,41.14,4.6,"Water, Lactic Acid, Glycolic Acid, Sodium Hydroxide, Centella Asiatica Extract, Allantoin",0,1,1,1,1,4,No
Eye Cream,DERMALOGICA,DERMALOGICA Autocorrect Brightening Eye Cream #594,26.31,3.4,"Water, Lactic Acid, Glycolic Acid, Sodium Hydroxide, Centella Asiatica Extract, Allantoin",1,1,1,1,1,5,Yes
Cleanser,LANEIGE,LANEIGE Special Cleansing Gel #595,26.45,4.5,"Water, Retinol, Ceramide NP, Cholesterol, Phytosphingosine, Phenoxyethanol, Ethylhexylglycerin",1,0,0,1,0,2,No
Sun Protect,MARIO BADESCU,MARIO BADESCU Hydro UV Defense SPF 50 #596,94.37,4.0,"Water, Titanium Dioxide, Zinc Oxide, Caprylic/Capric Triglyceride, Silica, Iron Oxides",1,0,1,1,0,3,No
Treatment,DERMALOGICA,DERMALOGICA Retinol Reform #597,54.74,3.5,"Water, Lactic Acid, Glycolic Acid, Sodium Hydroxide, Centella Asiatica Extract, Allantoin",0,0,1,1,0,2,No
Eye Cream,SUNDAY RILEY,SUNDAY RILEY Lightful C Eye Cream #598,40.67,4.3,"Water, Glycerin, Dimethicone, Niacinamide, Hyaluronic Acid, Squalane, Tocopherol",1,0,1,1,0,3,No
Sun Protect,MURAD,MURAD Unseen Sunscreen SPF 40 #599,69.96,3.9,"Water, Butylene Glycol, Salicylic Acid, Camellia Sinensis Leaf Extract, Sodium Hyaluronate",1,1,1,1,1,5,Yes
Face Mask,IT COSMETICS,IT COSMETICS Water Sleeping Mask #600,32.81,3.6,"Water, Butylene Glycol, Salicylic Acid, Camellia Sinensis Leaf Extract, Sodium Hyaluronate",1,1,0,1,1,4,No
Moisturizer,CLINIQUE,CLINIQUE Crème de la Mer #601,65.24,3.9,"Water, Lactic Acid, Glycolic Acid, Sodium Hydroxide, Centella Asiatica Extract, Allantoin",1,1,1,0,0,3,No
Moisturizer,FARMACY,FARMACY Ultra Facial Cream #602,35.07,4.4,"Water, Titanium Dioxide, Zinc Oxide, Caprylic/Capric Triglyceride, Silica, Iron Oxides",1,0,1,0,0,2,No
Moisturizer,KORA ORGANICS,KORA ORGANICS The Water Cream #603,30.69,4.6,"Water, Retinol, Ceramide NP, Cholesterol, Phytosphingosine, Phenoxyethanol, Ethylhexylglycerin",1,1,1,1,1,5,Yes
Face Mask,FARMACY,FARMACY Superberry Hydrate + Glow Dream Mask #604,27.72,3.9,"Water, Glycerin, Dimethicone, Niacinamide, Hyaluronic Acid, Squalane, Tocopherol",1,1,1,0,0,3,No
Sun Protect,OLEHENRIKSEN,OLEHENRIKSEN Unseen Sunscreen SPF 40 #605,31.81,4.7,"Water, Lactic Acid, Glycolic Acid, Sodium Hydroxide, Centella Asiatica Extract, Allantoin",1,0,1,0,1,3,No
Moisturizer,LA MER,LA MER C-Firma Fresh Day Serum #606,157.93,3.7,"Water, Lactic Acid, Glycolic Acid, Sodium Hydroxide, Centella Asiatica Extract, Allantoin",1,1,1,0,1,4,No
Treatment,GLOW RECIPE,GLOW RECIPE Niacinamide 10% + Zinc 1% #607,81.92,3.6,"Water, Lactic Acid, Glycolic Acid, Sodium Hydroxide, Centella Asiatica Extract, Allantoin",0,1,1,0,1,3,No
Moisturizer,ORIGINS,ORIGINS The Water Cream #608,64.07,4.2,"Water, Retinol, Ceramide NP, Cholesterol, Phytosphingosine, Phenoxyethanol, Ethylhexylglycerin",1,0,1,1,0,3,No
Face Mask,FARMACY,FARMACY Babyfacial AHA/BHA Mask #609,48.39,4.3,"Water, Lactic Acid, Glycolic Acid, Sodium Hydroxide, Centella Asiatica Extract, Allantoin",0,1,0,1,1,3,No
Cleanser,SUNDAY RILEY,SUNDAY RILEY Micellar Cleansing Water #610,104.76,4.0,"Water, Glycerin, Dimethicone, Niacinamide, Hyaluronic Acid, Squalane, Tocopherol",0,1,0,1,1,3,No
Moisturizer,SEPHORA COLLECTION,SEPHORA COLLECTION Midnight Recovery Concentrate #611,13.01,4.3,"Water, Glycerin, Dimethicone, Niacinamide, Hyaluronic Acid, Squalane, Tocopherol",1,1,1,0,0,3,No
Cleanser,YOUTH TO THE PEOPLE,YOUTH TO THE PEOPLE Green Clean Makeup Mending Cleansing Balm #612,44.03,4.0,"Water, Retinol, Ceramide NP, Cholesterol, Phytosphingosine, Phenoxyethanol, Ethylhexylglycerin",1,0,0,1,1,3,No
Sun Protect,YOUTH TO THE PEOPLE,YOUTH TO THE PEOPLE UV Clear Broad-Spectrum #613,67.98,3.6,"Water, Retinol, Ceramide NP, Cholesterol, Phytosphingosine, Phenoxyethanol, Ethylhexylglycerin",1,1,1,1,1,5,Yes
Cleanser,CLINIQUE,CLINIQUE Soy Face Cleanser #614,32.57,3.5,"Water, Glycerin, Dimethicone, Niacinamide, Hyaluronic Acid, Squalane, Tocopherol",0,1,1,1,0,3,No
Cleanser,FIRST AID BEAUTY,FIRST AID BEAUTY Green Clean Makeup Mending Cleansing Balm #615,89.37,4.4,"Water, Ascorbic Acid, Ferulic Acid, Panthenol, Xanthan Gum, Citric Acid, Disodium EDTA",0,1,1,1,1,4,No
Face Mask,TULA,TULA Superberry Hydrate + Glow Dream Mask #616,70.65,4.6,"Water, Ascorbic Acid, Ferulic Acid, Panthenol, Xanthan Gum, Citric Acid, Disodium EDTA",1,1,0,1,1,4,No
Face Mask,ORIGINS,ORIGINS Charcoal Pore Minimizing Mask #617,56.36,4.1,"Water, Glycerin, Dimethicone, Niacinamide, Hyaluronic Acid, Squalane, Tocopherol",1,0,1,1,1,4,No
Cleanser,FIRST AID BEAUTY,FIRST AID BEAUTY Foaming Facial Cleanser #618,65.92,3.6,"Water, Titanium Dioxide, Zinc Oxide, Caprylic/Capric Triglyceride, Silica, Iron Oxides",0,1,0,0,1,2,No
Face Mask,SHISEIDO,SHISEIDO Babyfacial AHA/BHA Mask #619,74.83,4.0,"Water, Titanium Dioxide, Zinc Oxide, Caprylic/Capric Triglyceride, Silica, Iron Oxides",1,0,1,1,1,4,No
Eye Cream,DRUNK ELEPHANT,DRUNK ELEPHANT Autocorrect Brightening Eye Cream #620,95.98,3.9,"Water, Titanium Dioxide, Zinc Oxide, Caprylic/Capric Triglyceride, Silica, Iron Oxides",1,0,0,1,1,3,No
Treatment,OLEHENRIKSEN,OLEHENRIKSEN Hyaluronic Acid 2% + B5 #621,54.21,4.4,"Water, Butylene Glycol, Salicylic Acid, Camellia Sinensis Leaf Extract, Sodium Hyaluronate",1,0,1,1,0,3,No
Moisturizer,IT COSMETICS,IT COSMETICS Protini Polypeptide Cream #622,25.7,3.9,"Water, Retinol, Ceramide NP, Cholesterol, Phytosphingosine, Phenoxyethanol, Ethylhexylglycerin",0,1,1,1,1,4,No
Eye Cream,SK-II,SK-II Concentrate Eye Cream #623,204.54,4.0,"Water, Ascorbic Acid, Ferulic Acid, Panthenol, Xanthan Gum, Citric Acid, Disodium EDTA",1,1,1,0,0,3,No
Face Mask,TULA,TULA Charcoal Pore Minimizing Mask #624,89.78,3.9,"Water, Ascorbic Acid, Ferulic Acid, Panthenol, Xanthan Gum, Citric Acid, Disodium EDTA",1,0,0,0,1,2,No
Sun Protect,SUNDAY RILEY,SUNDAY RILEY Defense Refresh Setting Mist #625,42.41,3.8,"Water, Lactic Acid, Glycolic Acid, Sodium Hydroxide, Centella Asiatica Extract, Allantoin",0,1,1,1,0,3,No
Treatment,SUNDAY RILEY,SUNDAY RILEY Niacinamide 10% + Zinc 1% #626,60.73,3.9,"Water, Glycerin, Dimethicone, Niacinamide, Hyaluronic Acid, Squalane, Tocopherol",1,0,0,1,0,2,No
Face Mask,YOUTH TO THE PEOPLE,YOUTH TO THE PEOPLE Superberry Hydrate + Glow Dream Mask #627,77.75,4.1,"Water, Ascorbic Acid, Ferulic Acid, Panthenol, Xanthan Gum, Citric Acid, Disodium EDTA",1,1,1,1,0,4,No
Sun Protect,DERMALOGICA,DERMALOGICA City Sunscreen Serum #628,104.6,4.2,"Water, Ascorbic Acid, Ferulic Acid, Panthenol, Xanthan Gum, Citric Acid, Disodium EDTA",0,1,1,1,1,4,No
Cleanser,THE ORDINARY,THE ORDINARY Gentle Skin Cleanser #629,18.2,4.5,"Water, Retinol, Ceramide NP, Cholesterol, Phytosphingosine, Phenoxyethanol, Ethylhexylglycerin",0,0,1,0,1,2,No
Treatment,CAUDALIE,CAUDALIE Retinol Reform #630,46.05,4.3,"Water, Retinol, Ceramide NP, Cholesterol, Phytosphingosine, Phenoxyethanol, Ethylhexylglycerin",1,1,1,0,1,4,No
Cleanser,FIRST AID BEAUTY,FIRST AID BEAUTY Micellar Cleansing Water #631,65.74,4.9,"Water, Retinol, Ceramide NP, Cholesterol, Phytosphingosine, Phenoxyethanol, Ethylhexylglycerin",1,1,1,1,0,4,No
Moisturizer,SHISEIDO,SHISEIDO The True Cream Aqua Bomb #632,80.65,3.7,"Water, Glycerin, Dimethicone, Niacinamide, Hyaluronic Acid, Squalane, Tocopherol",0,1,1,1,0,3,No
Eye Cream,FIRST AID BEAUTY,FIRST AID BEAUTY Banana Bright Eye Crème #633,101.45,4.0,"Water, Lactic Acid, Glycolic Acid, Sodium Hydroxide, Centella Asiatica Extract, Allantoin",1,1,1,0,1,4,No
Eye Cream,TULA,TULA Banana Bright Eye Crème #634,68.89,4.6,"Water, Ascorbic Acid, Ferulic Acid, Panthenol, Xanthan Gum, Citric Acid, Disodium EDTA",1,1,1,0,1,4,No
Treatment,IT COSMETICS,IT COSMETICS Hyaluronic Acid 2% + B5 #635,93.3,4.5,"Water, Retinol, Ceramide NP, Cholesterol, Phytosphingosine, Phenoxyethanol, Ethylhexylglycerin",1,1,1,0,0,3,No
Treatment,SUPERGOOP!,SUPERGOOP! Hyaluronic Acid 2% + B5 #636,45.87,4.3,"Water, Retinol, Ceramide NP, Cholesterol, Phytosphingosine, Phenoxyethanol, Ethylhexylglycerin",1,1,1,1,1,5,Yes
Sun Protect,THE ORDINARY,THE ORDINARY City Sunscreen Serum #637,20.19,4.8,"Water, Lactic Acid, Glycolic Acid, Sodium Hydroxide, Centella Asiatica Extract, Allantoin",0,0,1,1,1,3,No
Sun Protect,TATCHA,TATCHA Hydro UV Defense SPF 50 #638,361.06,4.4,"Water, Lactic Acid, Glycolic Acid, Sodium Hydroxide, Centella Asiatica Extract, Allantoin",0,0,1,1,0,2,No
Face Mask,BIOSSANCE,BIOSSANCE Jet Lag Mask #639,102.24,4.0,"Water, Lactic Acid, Glycolic Acid, Sodium Hydroxide, Centella Asiatica Extract, Allantoin",1,1,1,1,0,4,No
Cleanser,SUPERGOOP!,SUPERGOOP! Kalie Squalane Cleanser #640,99.63,4.6,"Water, Retinol, Ceramide NP, Cholesterol, Phytosphingosine, Phenoxyethanol, Ethylhexylglycerin",1,0,1,1,1,4,No
Sun Protect,DRAUNK ELEPHANT,DRAUNK ELEPHANT City Sunscreen Serum #641,85.7,4.7,"Water, Glycerin, Dimethicone, Niacinamide, Hyaluronic Acid, Squalane, Tocopherol",1,0,1,1,1,4,No
Eye Cream,ORIGINS,ORIGINS Avocado Melt Retinol Eye Cream #642,83.79,4.5,"Water, Titanium Dioxide, Zinc Oxide, Caprylic/Capric Triglyceride, Silica, Iron Oxides",1,1,1,1,1,5,Yes
Cleanser,FIRST AID BEAUTY,FIRST AID BEAUTY Kalie Squalane Cleanser #643,73.52,3.6,"Water, Butylene Glycol, Salicylic Acid, Camellia Sinensis Leaf Extract, Sodium Hyaluronate",1,1,1,1,1,5,Yes
Sun Protect,CLINIQUE,CLINIQUE City Sunscreen Serum #644,38.92,4.3,"Water, Lactic Acid, Glycolic Acid, Sodium Hydroxide, Centella Asiatica Extract, Allantoin",1,1,1,1,0,4,No
Cleanser,YOUTH TO THE PEOPLE,YOUTH TO THE PEOPLE Foaming Facial Cleanser #645,105.25,4.7,"Water, Butylene Glycol, Salicylic Acid, Camellia Sinensis Leaf Extract, Sodium Hyaluronate",1,1,1,1,1,5,Yes
Cleanser,SHISEIDO,SHISEIDO Gentle Skin Cleanser #646,28.28,4.3,"Water, Ascorbic Acid, Ferulic Acid, Panthenol, Xanthan Gum, Citric Acid, Disodium EDTA",1,1,1,1,0,4,No
Eye Cream,FARMACY,FARMACY Banana Bright Eye Crème #647,85.8,4.1,"Water, Retinol, Ceramide NP, Cholesterol, Phytosphingosine, Phenoxyethanol, Ethylhexylglycerin",0,1,1,0,0,2,No
Treatment,CAUDALIE,CAUDALIE Niacinamide 10% + Zinc 1% #648,56.86,4.0,"Water, Butylene Glycol, Salicylic Acid, Camellia Sinensis Leaf Extract, Sodium Hyaluronate",1,0,1,1,0,3,No
Face Mask,SEPHORA COLLECTION,SEPHORA COLLECTION Jet Lag Mask #649,11.35,3.8,"Water, Ascorbic Acid, Ferulic Acid, Panthenol, Xanthan Gum, Citric Acid, Disodium EDTA",0,1,1,1,1,4,No
Moisturizer,MARIO BADESCU,MARIO BADESCU Protini Polypeptide Cream #650,98.94,4.9,"Water, Retinol, Ceramide NP, Cholesterol, Phytosphingosine, Phenoxyethanol, Ethylhexylglycerin",1,1,0,1,1,4,No
Moisturizer,TATCHA,TATCHA Crème de la Mer #651,191.53,3.8,"Water, Lactic Acid, Glycolic Acid, Sodium Hydroxide, Centella Asiatica Extract, Allantoin",1,1,1,1,0,4,No
Face Mask,MURAD,MURAD Water Sleeping Mask #652,107.25,4.2,"Water, Ascorbic Acid, Ferulic Acid, Panthenol, Xanthan Gum, Citric Acid, Disodium EDTA",1,0,1,1,0,3,No
Face Mask,CLINIQUE,CLINIQUE Jet Lag Mask #653,51.29,4.2,"Water, Butylene Glycol, Salicylic Acid, Camellia Sinensis Leaf Extract, Sodium Hyaluronate",1,1,1,1,0,4,No
Face Mask,HERBIVORE,HERBIVORE Sheet Mask Hydrating #654,55.01,4.0,"Water, Lactic Acid, Glycolic Acid, Sodium Hydroxide, Centella Asiatica Extract, Allantoin",1,0,0,0,0,1,No
Sun Protect,LANEIGE,LANEIGE Mineral Mattescreen SPF 30 #655,71.79,4.8,"Water, Titanium Dioxide, Zinc Oxide, Caprylic/Capric Triglyceride, Silica, Iron Oxides",0,1,1,0,1,3,No
Cleanser,GLOW RECIPE,GLOW RECIPE Soy Face Cleanser #656,64.44,3.6,"Water, Retinol, Ceramide NP, Cholesterol, Phytosphingosine, Phenoxyethanol, Ethylhexylglycerin",0,1,0,1,1,3,No
Treatment,LANEIGE,LANEIGE Niacinamide 10% + Zinc 1% #657,66.4,4.7,"Water, Butylene Glycol, Salicylic Acid, Camellia Sinensis Leaf Extract, Sodium Hyaluronate",1,0,1,0,0,2,No
Cleanser,FRESH,FRESH Superfood Antioxidant Cleanser #658,72.44,4.4,"Water, Butylene Glycol, Salicylic Acid, Camellia Sinensis Leaf Extract, Sodium Hyaluronate",1,1,0,1,0,3,No
Face Mask,BELIF,BELIF Superberry Hydrate + Glow Dream Mask #659,26.23,4.4,"Water, Titanium Dioxide, Zinc Oxide, Caprylic/Capric Triglyceride, Silica, Iron Oxides",1,1,1,1,0,4,No
Cleanser,SK-II,SK-II Green Clean Makeup Mending Cleansing Balm #660,228.47,4.5,"Water, Retinol, Ceramide NP, Cholesterol, Phytosphingosine, Phenoxyethanol, Ethylhexylglycerin",0,0,1,1,1,3,No
Sun Protect,SUPERGOOP!,SUPERGOOP! City Sunscreen Serum #661,105.48,4.9,"Water, Ascorbic Acid, Ferulic Acid, Panthenol, Xanthan Gum, Citric Acid, Disodium EDTA",1,1,1,1,0,4,No
Moisturizer,SUNDAY RILEY,SUNDAY RILEY C-Firma Fresh Day Serum #662,105.86,4.0,"Water, Retinol, Ceramide NP, Cholesterol, Phytosphingosine, Phenoxyethanol, Ethylhexylglycerin",1,1,1,1,1,5,Yes
Moisturizer,ESTÉE LAUDER,ESTÉE LAUDER Protini Polypeptide Cream #663,57.41,4.0,"Water, Titanium Dioxide, Zinc Oxide, Caprylic/Capric Triglyceride, Silica, Iron Oxides",1,1,1,1,1,5,Yes
Sun Protect,FIRST AID BEAUTY,FIRST AID BEAUTY Hydro UV Defense SPF 50 #664,75.9,3.9,"Water, Glycerin, Dimethicone, Niacinamide, Hyaluronic Acid, Squalane, Tocopherol",1,1,0,1,1,4,No
Face Mask,HERBIVORE,HERBIVORE Clay Detox Mask #665,75.63,3.5,"Water, Retinol, Ceramide NP, Cholesterol, Phytosphingosine, Phenoxyethanol, Ethylhexylglycerin",1,1,0,1,1,4,No
Moisturizer,TULA,TULA Lala Retro Whipped Cream #666,107.7,4.4,"Water, Titanium Dioxide, Zinc Oxide, Caprylic/Capric Triglyceride, Silica, Iron Oxides",1,1,1,1,1,5,Yes
Face Mask,KIEHL'S SINCE 1851,KIEHL'S SINCE 1851 Charcoal Pore Minimizing Mask #667,65.07,3.6,"Water, Butylene Glycol, Salicylic Acid, Camellia Sinensis Leaf Extract, Sodium Hyaluronate",1,1,0,1,1,4,No
Eye Cream,SUNDAY RILEY,SUNDAY RILEY Banana Bright Eye Crème #668,68.15,4.2,"Water, Retinol, Ceramide NP, Cholesterol, Phytosphingosine, Phenoxyethanol, Ethylhexylglycerin",1,1,1,1,0,4,No
Eye Cream,KIEHL'S SINCE 1851,KIEHL'S SINCE 1851 Lightful C Eye Cream #669,25.4,4.5,"Water, Retinol, Ceramide NP, Cholesterol, Phytosphingosine, Phenoxyethanol, Ethylhexylglycerin",1,1,0,1,1,4,No
Face Mask,FIRST AID BEAUTY,FIRST AID BEAUTY Superberry Hydrate + Glow Dream Mask #670,74.5,4.1,"Water, Titanium Dioxide, Zinc Oxide, Caprylic/Capric Triglyceride, Silica, Iron Oxides",0,0,1,0,0,1,No
Cleanser,KIEHL'S SINCE 1851,KIEHL'S SINCE 1851 Superfood Antioxidant Cleanser #671,98.96,3.6,"Water, Ascorbic Acid, Ferulic Acid, Panthenol, Xanthan Gum, Citric Acid, Disodium EDTA",1,1,0,1,1,4,No
Cleanser,MARIO BADESCU,MARIO BADESCU Micellar Cleansing Water #672,83.5,4.7,"Water, Titanium Dioxide, Zinc Oxide, Caprylic/Capric Triglyceride, Silica, Iron Oxides",0,0,1,1,0,2,No
Moisturizer,CLINIQUE,CLINIQUE Protini Polypeptide Cream #673,25.19,3.6,"Water, Glycerin, Dimethicone, Niacinamide, Hyaluronic Acid, Squalane, Tocopherol",1,1,1,1,0,4,No
Sun Protect,THE ORDINARY,THE ORDINARY UV Clear Broad-Spectrum #674,19.63,4.7,"Water, Ascorbic Acid, Ferulic Acid, Panthenol, Xanthan Gum, Citric Acid, Disodium EDTA",1,1,1,1,0,4,No
Face Mask,KORA ORGANICS,KORA ORGANICS Jet Lag Mask #675,34.02,4.8,"Water, Titanium Dioxide, Zinc Oxide, Caprylic/Capric Triglyceride, Silica, Iron Oxides",0,1,0,1,1,3,No
Eye Cream,THE ORDINARY,THE ORDINARY Autocorrect Brightening Eye Cream #676,11.42,4.6,"Water, Retinol, Ceramide NP, Cholesterol, Phytosphingosine, Phenoxyethanol, Ethylhexylglycerin",1,0,1,1,1,4,No
Face Mask,LANEIGE,LANEIGE Sheet Mask Hydrating #677,73.76,4.5,"Water, Lactic Acid, Glycolic Acid, Sodium Hydroxide, Centella Asiatica Extract, Allantoin",1,1,0,1,1,4,No
Cleanser,TATCHA,TATCHA Soy Face Cleanser #678,217.38,3.9,"Water, Glycerin, Dimethicone, Niacinamide, Hyaluronic Acid, Squalane, Tocopherol",1,1,0,1,1,4,No
Eye Cream,OLEHENRIKSEN,OLEHENRIKSEN Avocado Melt Retinol Eye Cream #679,83.99,3.4,"Water, Lactic Acid, Glycolic Acid, Sodium Hydroxide, Centella Asiatica Extract, Allantoin",1,1,1,1,0,4,No
Eye Cream,PAULA'S CHOICE,PAULA'S CHOICE Lightful C Eye Cream #680,102.18,3.9,"Water, Ascorbic Acid, Ferulic Acid, Panthenol, Xanthan Gum, Citric Acid, Disodium EDTA",0,1,1,1,1,4,No
Sun Protect,MURAD,MURAD UV Clear Broad-Spectrum #681,92.78,4.7,"Water, Ascorbic Acid, Ferulic Acid, Panthenol, Xanthan Gum, Citric Acid, Disodium EDTA",1,0,1,1,0,3,No
Cleanser,LANCÔME,LANCÔME Gentle Skin Cleanser #682,76.09,3.6,"Water, Retinol, Ceramide NP, Cholesterol, Phytosphingosine, Phenoxyethanol, Ethylhexylglycerin",0,0,1,0,1,2,No
Moisturizer,OLEHENRIKSEN,OLEHENRIKSEN The True Cream Aqua Bomb #683,54.71,3.6,"Water, Ascorbic Acid, Ferulic Acid, Panthenol, Xanthan Gum, Citric Acid, Disodium EDTA",1,1,1,1,1,5,Yes
Eye Cream,PAULA'S CHOICE,PAULA'S CHOICE Banana Bright Eye Crème #684,72.33,4.1,"Water, Lactic Acid, Glycolic Acid, Sodium Hydroxide, Centella Asiatica Extract, Allantoin",1,1,1,0,1,4,No
Sun Protect,TATCHA,TATCHA UV Clear Broad-Spectrum #685,326.71,4.8,"Water, Glycerin, Dimethicone, Niacinamide, Hyaluronic Acid, Squalane, Tocopherol",1,1,1,1,0,4,No
Sun Protect,FARMACY,FARMACY Mineral Mattescreen SPF 30 #686,102.34,3.6,"Water, Lactic Acid, Glycolic Acid, Sodium Hydroxide, Centella Asiatica Extract, Allantoin",0,1,1,0,0,2,No
Treatment,CLINIQUE,CLINIQUE Good Genes All-In-One Lactic Acid #687,96.98,4.1,"Water, Retinol, Ceramide NP, Cholesterol, Phytosphingosine, Phenoxyethanol, Ethylhexylglycerin",1,1,0,1,0,3,No
Eye Cream,FRESH,FRESH Banana Bright Eye Crème #688,46.88,4.5,"Water, Retinol, Ceramide NP, Cholesterol, Phytosphingosine, Phenoxyethanol, Ethylhexylglycerin",1,1,1,1,0,4,No
Cleanser,KORA ORGANICS,KORA ORGANICS Foaming Facial Cleanser #689,102.95,4.7,"Water, Ascorbic Acid, Ferulic Acid, Panthenol, Xanthan Gum, Citric Acid, Disodium EDTA",1,1,0,0,1,3,No
Sun Protect,KORA ORGANICS,KORA ORGANICS Unseen Sunscreen SPF 40 #690,31.29,3.9,"Water, Butylene Glycol, Salicylic Acid, Camellia Sinensis Leaf Extract, Sodium Hyaluronate",0,1,0,1,0,2,No
Eye Cream,TATCHA,TATCHA Peptide Eye Complex #691,379.21,4.6,"Water, Ascorbic Acid, Ferulic Acid, Panthenol, Xanthan Gum, Citric Acid, Disodium EDTA",1,1,0,1,0,3,No
Treatment,LA MER,LA MER Resurfacing Serum #692,356.06,4.3,"Water, Butylene Glycol, Salicylic Acid, Camellia Sinensis Leaf Extract, Sodium Hyaluronate",0,1,1,1,0,3,No
Sun Protect,YOUTH TO THE PEOPLE,YOUTH TO THE PEOPLE Mineral Mattescreen SPF 30 #693,99.76,3.5,"Water, Ascorbic Acid, Ferulic Acid, Panthenol, Xanthan Gum, Citric Acid, Disodium EDTA",1,1,1,1,0,4,No
Moisturizer,TULA,TULA C-Firma Fresh Day Serum #694,50.85,3.9,"Water, Titanium Dioxide, Zinc Oxide, Caprylic/Capric Triglyceride, Silica, Iron Oxides",1,1,1,1,0,4,No
Treatment,KORA ORGANICS,KORA ORGANICS Good Genes All-In-One Lactic Acid #695,86.95,4.7,"Water, Lactic Acid, Glycolic Acid, Sodium Hydroxide, Centella Asiatica Extract, Allantoin",1,1,1,1,1,5,Yes
Treatment,LA MER,LA MER Niacinamide 10% + Zinc 1% #696,193.3,3.8,"Water, Titanium Dioxide, Zinc Oxide, Caprylic/Capric Triglyceride, Silica, Iron Oxides",1,0,1,1,0,3,No
Sun Protect,BIOSSANCE,BIOSSANCE Defense Refresh Setting Mist #697,87.43,3.6,"Water, Ascorbic Acid, Ferulic Acid, Panthenol, Xanthan Gum, Citric Acid, Disodium EDTA",1,0,0,1,0,2,No
Sun Protect,KORA ORGANICS,KORA ORGANICS UV Clear Broad-Spectrum #698,31.05,3.5,"Water, Butylene Glycol, Salicylic Acid, Camellia Sinensis Leaf Extract, Sodium Hyaluronate",0,1,0,1,0,2,No
Sun Protect,KORA ORGANICS,KORA ORGANICS UV Clear Broad-Spectrum #699,74.59,4.2,"Water, Retinol, Ceramide NP, Cholesterol, Phytosphingosine, Phenoxyethanol, Ethylhexylglycerin",1,1,0,1,1,4,No
Sun Protect,DRAUNK ELEPHANT,DRAUNK ELEPHANT Mineral Mattescreen SPF 30 #700,36.41,3.6,"Water, Titanium Dioxide, Zinc Oxide, Caprylic/Capric Triglyceride, Silica, Iron Oxides",0,1,1,0,1,3,No
Face Mask,DRUNK ELEPHANT,DRUNK ELEPHANT Sheet Mask Hydrating #701,37.49,4.2,"Water, Glycerin, Dimethicone, Niacinamide, Hyaluronic Acid, Squalane, Tocopherol",0,1,1,1,0,3,No
Moisturizer,KORA ORGANICS,KORA ORGANICS Protini Polypeptide Cream #702,34.13,3.9,"Water, Lactic Acid, Glycolic Acid, Sodium Hydroxide, Centella Asiatica Extract, Allantoin",1,0,0,1,0,2,No
Cleanser,DRAUNK ELEPHANT,DRAUNK ELEPHANT Soy Face Cleanser #703,104.57,3.9,"Water, Lactic Acid, Glycolic Acid, Sodium Hydroxide, Centella Asiatica Extract, Allantoin",1,1,0,1,1,4,No
Eye Cream,OLEHENRIKSEN,OLEHENRIKSEN Banana Bright Eye Crème #704,98.86,4.0,"Water, Ascorbic Acid, Ferulic Acid, Panthenol, Xanthan Gum, Citric Acid, Disodium EDTA",1,1,1,1,1,5,Yes
Sun Protect,CLINIQUE,CLINIQUE Mineral Mattescreen SPF 30 #705,67.41,4.1,"Water, Retinol, Ceramide NP, Cholesterol, Phytosphingosine, Phenoxyethanol, Ethylhexylglycerin",0,1,1,1,1,4,No
Face Mask,PAULA'S CHOICE,PAULA'S CHOICE Babyfacial AHA/BHA Mask #706,53.15,3.5,"Water, Titanium Dioxide, Zinc Oxide, Caprylic/Capric Triglyceride, Silica, Iron Oxides",0,0,1,0,1,2,No
Eye Cream,FIRST AID BEAUTY,FIRST AID BEAUTY Lightful C Eye Cream #707,79.48,4.4,"Water, Glycerin, Dimethicone, Niacinamide, Hyaluronic Acid, Squalane, Tocopherol",1,1,1,1,1,5,Yes
Moisturizer,KATE SOMERVILLE,KATE SOMERVILLE Protini Polypeptide Cream #708,106.76,3.8,"Water, Butylene Glycol, Salicylic Acid, Camellia Sinensis Leaf Extract, Sodium Hyaluronate",1,1,1,1,1,5,Yes
Eye Cream,DRUNK ELEPHANT,DRUNK ELEPHANT Avocado Melt Retinol Eye Cream #709,98.13,3.4,"Water, Retinol, Ceramide NP, Cholesterol, Phytosphingosine, Phenoxyethanol, Ethylhexylglycerin",1,1,1,1,1,5,Yes
Treatment,KIEHL'S SINCE 1851,KIEHL'S SINCE 1851 Good Genes All-In-One Lactic Acid #710,108.26,4.2,"Water, Lactic Acid, Glycolic Acid, Sodium Hydroxide, Centella Asiatica Extract, Allantoin",1,1,1,1,0,4,No
Treatment,DRAUNK ELEPHANT,DRAUNK ELEPHANT Retinol Reform #711,29.07,4.8,"Water, Butylene Glycol, Salicylic Acid, Camellia Sinensis Leaf Extract, Sodium Hyaluronate",1,1,1,1,1,5,Yes
Treatment,SEPHORA COLLECTION,SEPHORA COLLECTION Hyaluronic Acid 2% + B5 #712,20.4,3.8,"Water, Glycerin, Dimethicone, Niacinamide, Hyaluronic Acid, Squalane, Tocopherol",1,1,1,0,1,4,No
Eye Cream,TULA,TULA Avocado Melt Retinol Eye Cream #713,105.64,3.8,"Water, Lactic Acid, Glycolic Acid, Sodium Hydroxide, Centella Asiatica Extract, Allantoin",0,1,1,1,1,4,No
Face Mask,PAULA'S CHOICE,PAULA'S CHOICE Jet Lag Mask #714,47.15,4.8,"Water, Titanium Dioxide, Zinc Oxide, Caprylic/Capric Triglyceride, Silica, Iron Oxides",1,1,1,1,1,5,Yes
Face Mask,KIEHL'S SINCE 1851,KIEHL'S SINCE 1851 Charcoal Pore Minimizing Mask #715,78.68,3.7,"Water, Butylene Glycol, Salicylic Acid, Camellia Sinensis Leaf Extract, Sodium Hyaluronate",1,1,1,1,1,5,Yes
Moisturizer,LA MER,LA MER Honeymoon Glow AHA #716,373.72,4.3,"Water, Titanium Dioxide, Zinc Oxide, Caprylic/Capric Triglyceride, Silica, Iron Oxides",1,1,1,1,0,4,No
Eye Cream,SHISEIDO,SHISEIDO Peptide Eye Complex #717,56.69,3.9,"Water, Titanium Dioxide, Zinc Oxide, Caprylic/Capric Triglyceride, Silica, Iron Oxides",1,0,1,0,1,3,No
Treatment,KIEHL'S SINCE 1851,KIEHL'S SINCE 1851 Hyaluronic Acid 2% + B5 #718,84.06,4.6,"Water, Titanium Dioxide, Zinc Oxide, Caprylic/Capric Triglyceride, Silica, Iron Oxides",1,1,1,1,0,4,No
Sun Protect,SHISEIDO,SHISEIDO Hydro UV Defense SPF 50 #719,62.93,3.8,"Water, Lactic Acid, Glycolic Acid, Sodium Hydroxide, Centella Asiatica Extract, Allantoin",1,1,0,1,1,4,No
Sun Protect,CLINIQUE,CLINIQUE Hydro UV Defense SPF 50 #720,103.31,4.3,"Water, Glycerin, Dimethicone, Niacinamide, Hyaluronic Acid, Squalane, Tocopherol",1,1,0,1,1,4,No
Eye Cream,KIEHL'S SINCE 1851,KIEHL'S SINCE 1851 Peptide Eye Complex #721,80.01,4.2,"Water, Titanium Dioxide, Zinc Oxide, Caprylic/Capric Triglyceride, Silica, Iron Oxides",0,1,1,1,0,3,No
Face Mask,GLOW RECIPE,GLOW RECIPE Charcoal Pore Minimizing Mask #722,90.05,4.4,"Water, Glycerin, Dimethicone, Niacinamide, Hyaluronic Acid, Squalane, Tocopherol",1,1,1,0,1,4,No
Moisturizer,PAULA'S CHOICE,PAULA'S CHOICE Crème de la Mer #723,89.22,4.4,"Water, Titanium Dioxide, Zinc Oxide, Caprylic/Capric Triglyceride, Silica, Iron Oxides",1,1,1,1,0,4,No
Cleanser,LANEIGE,LANEIGE Kalie Squalane Cleanser #724,27.16,4.1,"Water, Titanium Dioxide, Zinc Oxide, Caprylic/Capric Triglyceride, Silica, Iron Oxides",1,1,1,1,1,5,Yes
Treatment,TULA,TULA Niacinamide 10% + Zinc 1% #725,38.66,3.7,"Water, Titanium Dioxide, Zinc Oxide, Caprylic/Capric Triglyceride, Silica, Iron Oxides",1,1,1,1,0,4,No
Treatment,PAULA'S CHOICE,PAULA'S CHOICE Resurfacing Serum #726,40.5,4.4,"Water, Titanium Dioxide, Zinc Oxide, Caprylic/Capric Triglyceride, Silica, Iron Oxides",1,1,1,1,1,5,Yes
Treatment,KORA ORGANICS,KORA ORGANICS Hyaluronic Acid 2% + B5 #727,47.57,4.4,"Water, Retinol, Ceramide NP, Cholesterol, Phytosphingosine, Phenoxyethanol, Ethylhexylglycerin",0,0,1,0,1,2,No
Treatment,DRAUNK ELEPHANT,DRAUNK ELEPHANT Niacinamide 10% + Zinc 1% #728,51.2,4.0,"Water, Lactic Acid, Glycolic Acid, Sodium Hydroxide, Centella Asiatica Extract, Allantoin",1,1,1,1,1,5,Yes
Cleanser,LANCÔME,LANCÔME Gentle Skin Cleanser #729,52.31,3.5,"Water, Titanium Dioxide, Zinc Oxide, Caprylic/Capric Triglyceride, Silica, Iron Oxides",1,1,0,1,1,4,No
Eye Cream,IT COSMETICS,IT COSMETICS Concentrate Eye Cream #730,45.26,4.1,"Water, Lactic Acid, Glycolic Acid, Sodium Hydroxide, Centella Asiatica Extract, Allantoin",1,0,1,1,1,4,No
Moisturizer,SUPERGOOP!,SUPERGOOP! Dewy Skin Cream #731,34.74,4.9,"Water, Glycerin, Dimethicone, Niacinamide, Hyaluronic Acid, Squalane, Tocopherol",0,0,1,0,1,2,No
Face Mask,TATCHA,TATCHA Superberry Hydrate + Glow Dream Mask #732,272.11,4.0,"Water, Glycerin, Dimethicone, Niacinamide, Hyaluronic Acid, Squalane, Tocopherol",1,1,1,1,1,5,Yes
Moisturizer,DRAUNK ELEPHANT,DRAUNK ELEPHANT Ultra Facial Cream #733,98.35,4.6,"Water, Ascorbic Acid, Ferulic Acid, Panthenol, Xanthan Gum, Citric Acid, Disodium EDTA",1,1,0,1,1,4,No
Eye Cream,BELIF,BELIF Concentrate Eye Cream #734,79.98,4.4,"Water, Glycerin, Dimethicone, Niacinamide, Hyaluronic Acid, Squalane, Tocopherol",0,0,1,1,1,3,No
Moisturizer,SUNDAY RILEY,SUNDAY RILEY Dewy Skin Cream #735,91.89,3.7,"Water, Ascorbic Acid, Ferulic Acid, Panthenol, Xanthan Gum, Citric Acid, Disodium EDTA",1,0,1,1,1,4,No
Sun Protect,SUPERGOOP!,SUPERGOOP! Mineral Mattescreen SPF 30 #736,44.91,4.6,"Water, Glycerin, Dimethicone, Niacinamide, Hyaluronic Acid, Squalane, Tocopherol",1,0,0,1,0,2,No
Eye Cream,KATE SOMERVILLE,KATE SOMERVILLE Autocorrect Brightening Eye Cream #737,36.68,3.9,"Water, Lactic Acid, Glycolic Acid, Sodium Hydroxide, Centella Asiatica Extract, Allantoin",1,0,1,0,1,3,No
Cleanser,TULA,TULA Soy Face Cleanser #738,60.3,3.7,"Water, Butylene Glycol, Salicylic Acid, Camellia Sinensis Leaf Extract, Sodium Hyaluronate",1,1,1,0,1,4,No
Sun Protect,DERMALOGICA,DERMALOGICA Defense Refresh Setting Mist #739,83.55,4.7,"Water, Ascorbic Acid, Ferulic Acid, Panthenol, Xanthan Gum, Citric Acid, Disodium EDTA",1,0,0,1,0,2,No
Moisturizer,DERMALOGICA,DERMALOGICA Crème de la Mer #740,66.65,4.8,"Water, Titanium Dioxide, Zinc Oxide, Caprylic/Capric Triglyceride, Silica, Iron Oxides",1,1,0,0,0,2,No
Face Mask,IT COSMETICS,IT COSMETICS Charcoal Pore Minimizing Mask #741,87.65,3.7,"Water, Butylene Glycol, Salicylic Acid, Camellia Sinensis Leaf Extract, Sodium Hyaluronate",1,0,1,1,0,3,No
Moisturizer,FARMACY,FARMACY Protini Polypeptide Cream #742,48.99,3.7,"Water, Ascorbic Acid, Ferulic Acid, Panthenol, Xanthan Gum, Citric Acid, Disodium EDTA",1,1,1,0,0,3,No
Treatment,GLOW RECIPE,GLOW RECIPE BHA Liquid Exfoliant #743,100.14,4.5,"Water, Lactic Acid, Glycolic Acid, Sodium Hydroxide, Centella Asiatica Extract, Allantoin",1,1,1,1,0,4,No
Treatment,BELIF,BELIF Luna Sleeping Night Oil #744,95.5,3.6,"Water, Titanium Dioxide, Zinc Oxide, Caprylic/Capric Triglyceride, Silica, Iron Oxides",1,0,1,1,1,4,No
Cleanser,MURAD,MURAD Kalie Squalane Cleanser #745,80.84,4.8,"Water, Ascorbic Acid, Ferulic Acid, Panthenol, Xanthan Gum, Citric Acid, Disodium EDTA",0,1,1,0,0,2,No
Cleanser,LANCÔME,LANCÔME Foaming Facial Cleanser #746,83.71,3.9,"Water, Retinol, Ceramide NP, Cholesterol, Phytosphingosine, Phenoxyethanol, Ethylhexylglycerin",1,1,1,1,0,4,No
Treatment,THE ORDINARY,THE ORDINARY Luna Sleeping Night Oil #747,16.44,3.8,"Water, Butylene Glycol, Salicylic Acid, Camellia Sinensis Leaf Extract, Sodium Hyaluronate",0,1,1,1,1,4,No
Cleanser,TULA,TULA Foaming Facial Cleanser #748,88.61,4.4,"Water, Ascorbic Acid, Ferulic Acid, Panthenol, Xanthan Gum, Citric Acid, Disodium EDTA",1,1,0,0,0,2,No
Sun Protect,MURAD,MURAD Defense Refresh Setting Mist #749,83.73,4.5,"Water, Retinol, Ceramide NP, Cholesterol, Phytosphingosine, Phenoxyethanol, Ethylhexylglycerin",0,0,0,1,0,1,No
Cleanser,LANCÔME,LANCÔME Micellar Cleansing Water #750,98.23,4.0,"Water, Lactic Acid, Glycolic Acid, Sodium Hydroxide, Centella Asiatica Extract, Allantoin",0,1,1,1,0,3,No
Eye Cream,KIEHL'S SINCE 1851,KIEHL'S SINCE 1851 Autocorrect Brightening Eye Cream #751,88.64,3.8,"Water, Ascorbic Acid, Ferulic Acid, Panthenol, Xanthan Gum, Citric Acid, Disodium EDTA",1,1,1,1,0,4,No
Face Mask,SUPERGOOP!,SUPERGOOP! Babyfacial AHA/BHA Mask #752,61.2,4.0,"Water, Retinol, Ceramide NP, Cholesterol, Phytosphingosine, Phenoxyethanol, Ethylhexylglycerin",1,0,0,1,0,2,No
Face Mask,PAULA'S CHOICE,PAULA'S CHOICE Superberry Hydrate + Glow Dream Mask #753,79.5,3.9,"Water, Glycerin, Dimethicone, Niacinamide, Hyaluronic Acid, Squalane, Tocopherol",1,1,1,0,1,4,No
Moisturizer,SUNDAY RILEY,SUNDAY RILEY Lala Retro Whipped Cream #754,27.29,3.7,"Water, Butylene Glycol, Salicylic Acid, Camellia Sinensis Leaf Extract, Sodium Hyaluronate",1,0,1,1,0,3,No
Sun Protect,CLINIQUE,CLINIQUE Hydro UV Defense SPF 50 #755,87.62,4.8,"Water, Glycerin, Dimethicone, Niacinamide, Hyaluronic Acid, Squalane, Tocopherol",1,0,1,1,1,4,No
Eye Cream,LA MER,LA MER Avocado Melt Retinol Eye Cream #756,284.69,4.9,"Water, Butylene Glycol, Salicylic Acid, Camellia Sinensis Leaf Extract, Sodium Hyaluronate",0,1,1,0,1,3,No
Cleanser,KORA ORGANICS,KORA ORGANICS Micellar Cleansing Water #757,86.14,4.1,"Water, Glycerin, Dimethicone, Niacinamide, Hyaluronic Acid, Squalane, Tocopherol",1,1,0,1,0,3,No
Face Mask,SUPERGOOP!,SUPERGOOP! Charcoal Pore Minimizing Mask #758,72.03,4.0,"Water, Ascorbic Acid, Ferulic Acid, Panthenol, Xanthan Gum, Citric Acid, Disodium EDTA",1,0,1,1,0,3,No
Treatment,PAULA'S CHOICE,PAULA'S CHOICE Hyaluronic Acid 2% + B5 #759,60.61,4.5,"Water, Titanium Dioxide, Zinc Oxide, Caprylic/Capric Triglyceride, Silica, Iron Oxides",1,0,1,1,0,3,No
Cleanser,IT COSMETICS,IT COSMETICS Foaming Facial Cleanser #760,108.29,3.7,"Water, Retinol, Ceramide NP, Cholesterol, Phytosphingosine, Phenoxyethanol, Ethylhexylglycerin",1,1,1,1,1,5,Yes
Treatment,SUPERGOOP!,SUPERGOOP! Resurfacing Serum #761,32.02,3.6,"Water, Ascorbic Acid, Ferulic Acid, Panthenol, Xanthan Gum, Citric Acid, Disodium EDTA",1,1,0,1,0,3,No
Cleanser,SUNDAY RILEY,SUNDAY RILEY Foaming Facial Cleanser #762,48.41,3.7,"Water, Titanium Dioxide, Zinc Oxide, Caprylic/Capric Triglyceride, Silica, Iron Oxides",1,1,1,1,1,5,Yes
Cleanser,ORIGINS,ORIGINS Foaming Facial Cleanser #763,57.64,4.9,"Water, Butylene Glycol, Salicylic Acid, Camellia Sinensis Leaf Extract, Sodium Hyaluronate",0,1,1,1,0,3,No
Cleanser,ESTÉE LAUDER,ESTÉE LAUDER Superfood Antioxidant Cleanser #764,61.17,4.5,"Water, Retinol, Ceramide NP, Cholesterol, Phytosphingosine, Phenoxyethanol, Ethylhexylglycerin",1,0,1,1,0,3,No
Cleanser,LA MER,LA MER Gentle Skin Cleanser #765,224.26,4.6,"Water, Ascorbic Acid, Ferulic Acid, Panthenol, Xanthan Gum, Citric Acid, Disodium EDTA",1,0,0,1,1,3,No
Eye Cream,DRUNK ELEPHANT,DRUNK ELEPHANT Peptide Eye Complex #766,31.83,4.4,"Water, Retinol, Ceramide NP, Cholesterol, Phytosphingosine, Phenoxyethanol, Ethylhexylglycerin",1,0,0,0,1,2,No
Cleanser,GLOW RECIPE,GLOW RECIPE Foaming Facial Cleanser #767,63.37,4.8,"Water, Butylene Glycol, Salicylic Acid, Camellia Sinensis Leaf Extract, Sodium Hyaluronate",1,1,1,0,0,3,No
Treatment,KATE SOMERVILLE,KATE SOMERVILLE Resurfacing Serum #768,81.33,3.5,"Water, Titanium Dioxide, Zinc Oxide, Caprylic/Capric Triglyceride, Silica, Iron Oxides",1,1,0,1,0,3,No
Moisturizer,BELIF,BELIF C-Firma Fresh Day Serum #769,89.92,3.9,"Water, Retinol, Ceramide NP, Cholesterol, Phytosphingosine, Phenoxyethanol, Ethylhexylglycerin",1,0,1,1,1,4,No
Moisturizer,SUNDAY RILEY,SUNDAY RILEY Honeymoon Glow AHA #770,56.78,4.5,"Water, Butylene Glycol, Salicylic Acid, Camellia Sinensis Leaf Extract, Sodium Hyaluronate",0,1,1,1,1,4,No
Sun Protect,CLINIQUE,CLINIQUE City Sunscreen Serum #771,81.65,4.1,"Water, Retinol, Ceramide NP, Cholesterol, Phytosphingosine, Phenoxyethanol, Ethylhexylglycerin",1,1,1,1,0,4,No
Face Mask,HERBIVORE,HERBIVORE Charcoal Pore Minimizing Mask #772,37.88,4.7,"Water, Ascorbic Acid, Ferulic Acid, Panthenol, Xanthan Gum, Citric Acid, Disodium EDTA",1,1,1,1,1,5,Yes
Cleanser,SUNDAY RILEY,SUNDAY RILEY Soy Face Cleanser #773,82.25,3.6,"Water, Lactic Acid, Glycolic Acid, Sodium Hydroxide, Centella Asiatica Extract, Allantoin",1,1,1,0,1,4,No
Sun Protect,TATCHA,TATCHA Hydro UV Defense SPF 50 #774,330.34,4.4,"Water, Titanium Dioxide, Zinc Oxide, Caprylic/Capric Triglyceride, Silica, Iron Oxides",1,1,1,1,1,5,Yes
Eye Cream,LA MER,LA MER Banana Bright Eye Crème #775,319.0,4.6,"Water, Butylene Glycol, Salicylic Acid, Camellia Sinensis Leaf Extract, Sodium Hyaluronate",1,1,1,1,1,5,Yes
Face Mask,SK-II,SK-II Jet Lag Mask #776,192.76,3.7,"Water, Titanium Dioxide, Zinc Oxide, Caprylic/Capric Triglyceride, Silica, Iron Oxides",1,1,1,0,0,3,No
Moisturizer,DRAUNK ELEPHANT,DRAUNK ELEPHANT C-Firma Fresh Day Serum #777,33.26,3.9,"Water, Ascorbic Acid, Ferulic Acid, Panthenol, Xanthan Gum, Citric Acid, Disodium EDTA",1,1,0,1,1,4,No
Cleanser,ESTÉE LAUDER,ESTÉE LAUDER Green Clean Makeup Mending Cleansing Balm #778,54.67,3.7,"Water, Retinol, Ceramide NP, Cholesterol, Phytosphingosine, Phenoxyethanol, Ethylhexylglycerin",1,1,0,0,1,3,No
Cleanser,SUNDAY RILEY,SUNDAY RILEY Superfood Antioxidant Cleanser #779,79.9,4.0,"Water, Glycerin, Dimethicone, Niacinamide, Hyaluronic Acid, Squalane, Tocopherol",1,1,1,1,1,5,Yes
Sun Protect,KATE SOMERVILLE,KATE SOMERVILLE Defense Refresh Setting Mist #780,38.75,4.8,"Water, Ascorbic Acid, Ferulic Acid, Panthenol, Xanthan Gum, Citric Acid, Disodium EDTA",1,1,1,1,0,4,No
Sun Protect,ORIGINS,ORIGINS Hydro UV Defense SPF 50 #781,65.46,3.9,"Water, Ascorbic Acid, Ferulic Acid, Panthenol, Xanthan Gum, Citric Acid, Disodium EDTA",0,1,1,1,0,3,No
Moisturizer,FARMACY,FARMACY The True Cream Aqua Bomb #782,44.33,4.0,"Water, Butylene Glycol, Salicylic Acid, Camellia Sinensis Leaf Extract, Sodium Hyaluronate",1,1,1,1,1,5,Yes
Treatment,LANCÔME,LANCÔME Retinol Reform #783,56.31,4.4,"Water, Butylene Glycol, Salicylic Acid, Camellia Sinensis Leaf Extract, Sodium Hyaluronate",0,0,1,1,0,2,No
Sun Protect,DRUNK ELEPHANT,DRUNK ELEPHANT Defense Refresh Setting Mist #784,92.09,4.0,"Water, Lactic Acid, Glycolic Acid, Sodium Hydroxide, Centella Asiatica Extract, Allantoin",1,1,1,1,0,4,No
Cleanser,KATE SOMERVILLE,KATE SOMERVILLE Soy Face Cleanser #785,101.97,4.4,"Water, Butylene Glycol, Salicylic Acid, Camellia Sinensis Leaf Extract, Sodium Hyaluronate",1,1,1,0,1,4,No
Sun Protect,LA MER,LA MER Unseen Sunscreen SPF 40 #786,347.26,3.5,"Water, Butylene Glycol, Salicylic Acid, Camellia Sinensis Leaf Extract, Sodium Hyaluronate",1,1,1,0,1,4,No
Cleanser,ESTÉE LAUDER,ESTÉE LAUDER Special Cleansing Gel #787,67.64,4.0,"Water, Retinol, Ceramide NP, Cholesterol, Phytosphingosine, Phenoxyethanol, Ethylhexylglycerin",1,1,1,0,1,4,No
Cleanser,THE ORDINARY,THE ORDINARY Superfood Antioxidant Cleanser #788,11.28,4.1,"Water, Titanium Dioxide, Zinc Oxide, Caprylic/Capric Triglyceride, Silica, Iron Oxides",1,0,0,1,0,2,No
Face Mask,BIOSSANCE,BIOSSANCE Water Sleeping Mask #789,64.48,4.0,"Water, Ascorbic Acid, Ferulic Acid, Panthenol, Xanthan Gum, Citric Acid, Disodium EDTA",0,1,0,1,1,3,No
Face Mask,KIEHL'S SINCE 1851,KIEHL'S SINCE 1851 Charcoal Pore Minimizing Mask #790,101.96,3.9,"Water, Ascorbic Acid, Ferulic Acid, Panthenol, Xanthan Gum, Citric Acid, Disodium EDTA",1,1,1,1,1,5,Yes
Treatment,DERMALOGICA,DERMALOGICA Resurfacing Serum #791,56.26,4.3,"Water, Glycerin, Dimethicone, Niacinamide, Hyaluronic Acid, Squalane, Tocopherol",1,1,0,0,0,2,No
Cleanser,LA MER,LA MER Soy Face Cleanser #792,344.88,4.5,"Water, Lactic Acid, Glycolic Acid, Sodium Hydroxide, Centella Asiatica Extract, Allantoin",0,1,0,1,0,2,No
Face Mask,LANEIGE,LANEIGE Superberry Hydrate + Glow Dream Mask #793,79.13,4.3,"Water, Retinol, Ceramide NP, Cholesterol, Phytosphingosine, Phenoxyethanol, Ethylhexylglycerin",1,1,0,0,0,2,No
Face Mask,SHISEIDO,SHISEIDO Charcoal Pore Minimizing Mask #794,102.53,4.5,"Water, Ascorbic Acid, Ferulic Acid, Panthenol, Xanthan Gum, Citric Acid, Disodium EDTA",0,0,1,1,1,3,No
Sun Protect,THE ORDINARY,THE ORDINARY Mineral Mattescreen SPF 30 #795,14.17,4.8,"Water, Lactic Acid, Glycolic Acid, Sodium Hydroxide, Centella Asiatica Extract, Allantoin",1,1,1,1,0,4,No
Treatment,THE ORDINARY,THE ORDINARY Retinol Reform #796,7.19,4.6,"Water, Titanium Dioxide, Zinc Oxide, Caprylic/Capric Triglyceride, Silica, Iron Oxides",0,1,1,0,1,3,No
Cleanser,KORA ORGANICS,KORA ORGANICS Superfood Antioxidant Cleanser #797,83.5,4.2,"Water, Ascorbic Acid, Ferulic Acid, Panthenol, Xanthan Gum, Citric Acid, Disodium EDTA",0,0,0,1,1,2,No
Sun Protect,OLEHENRIKSEN,OLEHENRIKSEN Mineral Mattescreen SPF 30 #798,47.14,3.7,"Water, Titanium Dioxide, Zinc Oxide, Caprylic/Capric Triglyceride, Silica, Iron Oxides",0,0,1,0,1,2,No
Moisturizer,BELIF,BELIF The Water Cream #799,90.54,4.0,"Water, Retinol, Ceramide NP, Cholesterol, Phytosphingosine, Phenoxyethanol, Ethylhexylglycerin",1,1,1,0,0,3,No
Cleanser,CLINIQUE,CLINIQUE Special Cleansing Gel #800,65.84,4.2,"Water, Glycerin, Dimethicone, Niacinamide, Hyaluronic Acid, Squalane, Tocopherol",0,1,1,0,1,3,No
Sun Protect,GLOW RECIPE,GLOW RECIPE Mineral Mattescreen SPF 30 #801,46.3,4.8,"Water, Retinol, Ceramide NP, Cholesterol, Phytosphingosine, Phenoxyethanol, Ethylhexylglycerin",0,1,1,1,0,3,No
Moisturizer,BIOSSANCE,BIOSSANCE The Water Cream #802,47.8,3.9,"Water, Ascorbic Acid, Ferulic Acid, Panthenol, Xanthan Gum, Citric Acid, Disodium EDTA",1,1,0,1,1,4,No
Moisturizer,HERBIVORE,HERBIVORE Crème de la Mer #803,81.22,4.6,"Water, Glycerin, Dimethicone, Niacinamide, Hyaluronic Acid, Squalane, Tocopherol",1,1,1,1,0,4,No
Face Mask,MARIO BADESCU,MARIO BADESCU Charcoal Pore Minimizing Mask #804,52.98,4.0,"Water, Lactic Acid, Glycolic Acid, Sodium Hydroxide, Centella Asiatica Extract, Allantoin",1,0,1,1,1,4,No
Face Mask,TATCHA,TATCHA Superberry Hydrate + Glow Dream Mask #805,348.19,4.6,"Water, Glycerin, Dimethicone, Niacinamide, Hyaluronic Acid, Squalane, Tocopherol",0,1,1,1,1,4,No
Eye Cream,HERBIVORE,HERBIVORE Peptide Eye Complex #806,88.62,3.8,"Water, Retinol, Ceramide NP, Cholesterol, Phytosphingosine, Phenoxyethanol, Ethylhexylglycerin",0,1,1,1,0,3,No
Moisturizer,MURAD,MURAD Crème de la Mer #807,107.39,4.5,"Water, Titanium Dioxide, Zinc Oxide, Caprylic/Capric Triglyceride, Silica, Iron Oxides",0,1,0,1,1,3,No
Treatment,KORA ORGANICS,KORA ORGANICS Niacinamide 10% + Zinc 1% #808,108.87,4.7,"Water, Glycerin, Dimethicone, Niacinamide, Hyaluronic Acid, Squalane, Tocopherol",0,0,1,0,1,2,No
Cleanser,LANEIGE,LANEIGE Green Clean Makeup Mending Cleansing Balm #809,49.92,4.4,"Water, Ascorbic Acid, Ferulic Acid, Panthenol, Xanthan Gum, Citric Acid, Disodium EDTA",0,1,0,1,1,3,No
Sun Protect,KATE SOMERVILLE,KATE SOMERVILLE Mineral Mattescreen SPF 30 #810,44.93,3.7,"Water, Titanium Dioxide, Zinc Oxide, Caprylic/Capric Triglyceride, Silica, Iron Oxides",1,1,0,1,0,3,No
Treatment,BIOSSANCE,BIOSSANCE Resurfacing Serum #811,42.95,3.8,"Water, Retinol, Ceramide NP, Cholesterol, Phytosphingosine, Phenoxyethanol, Ethylhexylglycerin",1,1,0,1,0,3,No
Cleanser,SUNDAY RILEY,SUNDAY RILEY Kalie Squalane Cleanser #812,56.42,4.5,"Water, Titanium Dioxide, Zinc Oxide, Caprylic/Capric Triglyceride, Silica, Iron Oxides",0,1,1,0,0,2,No
Moisturizer,CAUDALIE,CAUDALIE The Water Cream #813,33.58,3.9,"Water, Ascorbic Acid, Ferulic Acid, Panthenol, Xanthan Gum, Citric Acid, Disodium EDTA",1,1,1,0,0,3,No
Face Mask,LA MER,LA MER Superberry Hydrate + Glow Dream Mask #814,112.95,4.2,"Water, Retinol, Ceramide NP, Cholesterol, Phytosphingosine, Phenoxyethanol, Ethylhexylglycerin",0,0,1,0,0,1,No
Moisturizer,YOUTH TO THE PEOPLE,YOUTH TO THE PEOPLE Crème de la Mer #815,70.29,4.1,"Water, Butylene Glycol, Salicylic Acid, Camellia Sinensis Leaf Extract, Sodium Hyaluronate",1,1,0,1,0,3,No
Eye Cream,CAUDALIE,CAUDALIE Autocorrect Brightening Eye Cream #816,88.25,4.7,"Water, Titanium Dioxide, Zinc Oxide, Caprylic/Capric Triglyceride, Silica, Iron Oxides",1,0,1,1,0,3,No
Sun Protect,MARIO BADESCU,MARIO BADESCU Hydro UV Defense SPF 50 #817,95.27,4.1,"Water, Titanium Dioxide, Zinc Oxide, Caprylic/Capric Triglyceride, Silica, Iron Oxides",0,1,1,0,0,2,No
Sun Protect,PAULA'S CHOICE,PAULA'S CHOICE Hydro UV Defense SPF 50 #818,87.27,4.8,"Water, Butylene Glycol, Salicylic Acid, Camellia Sinensis Leaf Extract, Sodium Hyaluronate",0,1,1,0,1,3,No
Eye Cream,YOUTH TO THE PEOPLE,YOUTH TO THE PEOPLE Concentrate Eye Cream #819,60.33,4.1,"Water, Lactic Acid, Glycolic Acid, Sodium Hydroxide, Centella Asiatica Extract, Allantoin",0,1,1,1,0,3,No
Sun Protect,LANCÔME,LANCÔME Hydro UV Defense SPF 50 #820,97.64,4.0,"Water, Butylene Glycol, Salicylic Acid, Camellia Sinensis Leaf Extract, Sodium Hyaluronate",1,1,1,1,0,4,No
Eye Cream,CLINIQUE,CLINIQUE Avocado Melt Retinol Eye Cream #821,83.85,3.8,"Water, Butylene Glycol, Salicylic Acid, Camellia Sinensis Leaf Extract, Sodium Hyaluronate",1,1,1,1,0,4,No
Sun Protect,BELIF,BELIF Hydro UV Defense SPF 50 #822,91.55,4.7,"Water, Retinol, Ceramide NP, Cholesterol, Phytosphingosine, Phenoxyethanol, Ethylhexylglycerin",0,1,1,1,0,3,No
Face Mask,GLOW RECIPE,GLOW RECIPE Jet Lag Mask #823,34.09,4.2,"Water, Lactic Acid, Glycolic Acid, Sodium Hydroxide, Centella Asiatica Extract, Allantoin",0,1,0,0,1,2,No
Moisturizer,THE ORDINARY,THE ORDINARY Midnight Recovery Concentrate #824,14.33,4.4,"Water, Butylene Glycol, Salicylic Acid, Camellia Sinensis Leaf Extract, Sodium Hyaluronate",0,1,0,1,0,2,No
Sun Protect,SUPERGOOP!,SUPERGOOP! City Sunscreen Serum #825,25.0,3.6,"Water, Glycerin, Dimethicone, Niacinamide, Hyaluronic Acid, Squalane, Tocopherol",0,1,1,1,0,3,No
Sun Protect,BELIF,BELIF Defense Refresh Setting Mist #826,39.57,4.1,"Water, Titanium Dioxide, Zinc Oxide, Caprylic/Capric Triglyceride, Silica, Iron Oxides",0,0,1,1,0,2,No
Moisturizer,KATE SOMERVILLE,KATE SOMERVILLE Protini Polypeptide Cream #827,58.86,4.5,"Water, Retinol, Ceramide NP, Cholesterol, Phytosphingosine, Phenoxyethanol, Ethylhexylglycerin",0,1,1,0,1,3,No
Cleanser,GLOW RECIPE,GLOW RECIPE Soy Face Cleanser #828,71.71,4.6,"Water, Glycerin, Dimethicone, Niacinamide, Hyaluronic Acid, Squalane, Tocopherol",1,1,1,0,1,4,No
Eye Cream,SHISEIDO,SHISEIDO Banana Bright Eye Crème #829,31.28,3.6,"Water, Lactic Acid, Glycolic Acid, Sodium Hydroxide, Centella Asiatica Extract, Allantoin",1,1,0,1,0,3,No
Treatment,DRUNK ELEPHANT,DRUNK ELEPHANT Resurfacing Serum #830,80.69,4.1,"Water, Ascorbic Acid, Ferulic Acid, Panthenol, Xanthan Gum, Citric Acid, Disodium EDTA",0,0,1,0,1,2,No
Sun Protect,DRUNK ELEPHANT,DRUNK ELEPHANT Mineral Mattescreen SPF 30 #831,27.16,3.6,"Water, Butylene Glycol, Salicylic Acid, Camellia Sinensis Leaf Extract, Sodium Hyaluronate",1,1,1,1,0,4,No
Sun Protect,KORA ORGANICS,KORA ORGANICS Unseen Sunscreen SPF 40 #832,71.29,3.8,"Water, Titanium Dioxide, Zinc Oxide, Caprylic/Capric Triglyceride, Silica, Iron Oxides",1,1,0,1,0,3,No
Sun Protect,KORA ORGANICS,KORA ORGANICS Hydro UV Defense SPF 50 #833,36.32,3.7,"Water, Titanium Dioxide, Zinc Oxide, Caprylic/Capric Triglyceride, Silica, Iron Oxides",1,1,1,0,1,4,No
Cleanser,ORIGINS,ORIGINS Foaming Facial Cleanser #834,56.59,4.8,"Water, Butylene Glycol, Salicylic Acid, Camellia Sinensis Leaf Extract, Sodium Hyaluronate",1,0,1,1,1,4,No
Moisturizer,IT COSMETICS,IT COSMETICS The Water Cream #835,55.2,3.9,"Water, Lactic Acid, Glycolic Acid, Sodium Hydroxide, Centella Asiatica Extract, Allantoin",1,1,1,1,1,5,Yes
Face Mask,PAULA'S CHOICE,PAULA'S CHOICE Babyfacial AHA/BHA Mask #836,105.85,4.6,"Water, Glycerin, Dimethicone, Niacinamide, Hyaluronic Acid, Squalane, Tocopherol",1,0,0,1,0,2,No
Sun Protect,CAUDALIE,CAUDALIE Defense Refresh Setting Mist #837,47.31,3.5,"Water, Glycerin, Dimethicone, Niacinamide, Hyaluronic Acid, Squalane, Tocopherol",1,0,0,0,0,1,No
Sun Protect,KATE SOMERVILLE,KATE SOMERVILLE Defense Refresh Setting Mist #838,75.14,4.7,"Water, Retinol, Ceramide NP, Cholesterol, Phytosphingosine, Phenoxyethanol, Ethylhexylglycerin",1,0,1,0,0,2,No
Cleanser,BIOSSANCE,BIOSSANCE Superfood Antioxidant Cleanser #839,28.55,4.5,"Water, Lactic Acid, Glycolic Acid, Sodium Hydroxide, Centella Asiatica Extract, Allantoin",1,1,0,0,1,3,No
Treatment,DERMALOGICA,DERMALOGICA Resurfacing Serum #840,47.72,4.0,"Water, Titanium Dioxide, Zinc Oxide, Caprylic/Capric Triglyceride, Silica, Iron Oxides",1,0,1,1,1,4,No
Treatment,KIEHL'S SINCE 1851,KIEHL'S SINCE 1851 Good Genes All-In-One Lactic Acid #841,30.6,3.8,"Water, Glycerin, Dimethicone, Niacinamide, Hyaluronic Acid, Squalane, Tocopherol",1,1,1,1,1,5,Yes
Moisturizer,KORA ORGANICS,KORA ORGANICS C-Firma Fresh Day Serum #842,104.19,3.6,"Water, Retinol, Ceramide NP, Cholesterol, Phytosphingosine, Phenoxyethanol, Ethylhexylglycerin",1,1,1,0,1,4,No
Sun Protect,KORA ORGANICS,KORA ORGANICS Hydro UV Defense SPF 50 #843,69.95,3.9,"Water, Titanium Dioxide, Zinc Oxide, Caprylic/Capric Triglyceride, Silica, Iron Oxides",1,1,1,0,0,3,No
Moisturizer,MURAD,MURAD Protini Polypeptide Cream #844,68.18,4.8,"Water, Retinol, Ceramide NP, Cholesterol, Phytosphingosine, Phenoxyethanol, Ethylhexylglycerin",0,1,1,1,1,4,No
Treatment,THE ORDINARY,THE ORDINARY Good Genes All-In-One Lactic Acid #845,11.35,4.1,"Water, Lactic Acid, Glycolic Acid, Sodium Hydroxide, Centella Asiatica Extract, Allantoin",1,1,0,0,0,2,No
Sun Protect,TULA,TULA Unseen Sunscreen SPF 40 #846,104.45,4.7,"Water, Retinol, Ceramide NP, Cholesterol, Phytosphingosine, Phenoxyethanol, Ethylhexylglycerin",1,0,1,1,0,3,No
Treatment,OLEHENRIKSEN,OLEHENRIKSEN Good Genes All-In-One Lactic Acid #847,24.44,4.7,"Water, Butylene Glycol, Salicylic Acid, Camellia Sinensis Leaf Extract, Sodium Hyaluronate",0,0,1,1,1,3,No
Face Mask,LANCÔME,LANCÔME Jet Lag Mask #848,69.5,4.7,"Water, Retinol, Ceramide NP, Cholesterol, Phytosphingosine, Phenoxyethanol, Ethylhexylglycerin",1,1,1,0,0,3,No
Cleanser,MARIO BADESCU,MARIO BADESCU Foaming Facial Cleanser #849,56.19,3.9,"Water, Butylene Glycol, Salicylic Acid, Camellia Sinensis Leaf Extract, Sodium Hyaluronate",1,1,0,1,0,3,No
Cleanser,OLEHENRIKSEN,OLEHENRIKSEN Foaming Facial Cleanser #850,24.5,4.7,"Water, Titanium Dioxide, Zinc Oxide, Caprylic/Capric Triglyceride, Silica, Iron Oxides",1,1,1,1,1,5,Yes
Cleanser,YOUTH TO THE PEOPLE,YOUTH TO THE PEOPLE Foaming Facial Cleanser #851,87.98,4.8,"Water, Butylene Glycol, Salicylic Acid, Camellia Sinensis Leaf Extract, Sodium Hyaluronate",1,1,1,1,1,5,Yes
Face Mask,LANEIGE,LANEIGE Charcoal Pore Minimizing Mask #852,82.63,3.6,"Water, Retinol, Ceramide NP, Cholesterol, Phytosphingosine, Phenoxyethanol, Ethylhexylglycerin",0,1,1,1,1,4,No
Cleanser,SEPHORA COLLECTION,SEPHORA COLLECTION Kalie Squalane Cleanser #853,14.5,4.6,"Water, Butylene Glycol, Salicylic Acid, Camellia Sinensis Leaf Extract, Sodium Hyaluronate",1,0,0,1,1,3,No
Face Mask,CAUDALIE,CAUDALIE Superberry Hydrate + Glow Dream Mask #854,65.79,4.5,"Water, Butylene Glycol, Salicylic Acid, Camellia Sinensis Leaf Extract, Sodium Hyaluronate",1,1,1,1,1,5,Yes
Treatment,THE ORDINARY,THE ORDINARY Hyaluronic Acid 2% + B5 #855,9.98,4.5,"Water, Glycerin, Dimethicone, Niacinamide, Hyaluronic Acid, Squalane, Tocopherol",1,1,1,0,1,4,No
Cleanser,YOUTH TO THE PEOPLE,YOUTH TO THE PEOPLE Soy Face Cleanser #856,47.55,3.7,"Water, Butylene Glycol, Salicylic Acid, Camellia Sinensis Leaf Extract, Sodium Hyaluronate",0,1,1,1,1,4,No
Face Mask,DRAUNK ELEPHANT,DRAUNK ELEPHANT Clay Detox Mask #857,50.35,4.3,"Water, Butylene Glycol, Salicylic Acid, Camellia Sinensis Leaf Extract, Sodium Hyaluronate",1,0,0,1,1,3,No
Eye Cream,KORA ORGANICS,KORA ORGANICS Peptide Eye Complex #858,28.44,3.6,"Water, Lactic Acid, Glycolic Acid, Sodium Hydroxide, Centella Asiatica Extract, Allantoin",1,0,0,0,0,1,No
Moisturizer,GLOW RECIPE,GLOW RECIPE Crème de la Mer #859,24.05,4.4,"Water, Lactic Acid, Glycolic Acid, Sodium Hydroxide, Centella Asiatica Extract, Allantoin",1,0,0,1,1,3,No
Face Mask,GLOW RECIPE,GLOW RECIPE Superberry Hydrate + Glow Dream Mask #860,105.56,3.9,"Water, Lactic Acid, Glycolic Acid, Sodium Hydroxide, Centella Asiatica Extract, Allantoin",1,1,1,0,0,3,No
Treatment,MURAD,MURAD Vitamin C Brightening Serum #861,44.49,3.8,"Water, Ascorbic Acid, Ferulic Acid, Panthenol, Xanthan Gum, Citric Acid, Disodium EDTA",0,1,1,0,1,3,No
Moisturizer,LANCÔME,LANCÔME Ultra Facial Cream #862,84.6,4.8,"Water, Glycerin, Dimethicone, Niacinamide, Hyaluronic Acid, Squalane, Tocopherol",1,0,0,0,0,1,No
Moisturizer,CLINIQUE,CLINIQUE Ultra Facial Cream #863,59.97,4.5,"Water, Ascorbic Acid, Ferulic Acid, Panthenol, Xanthan Gum, Citric Acid, Disodium EDTA",1,0,0,1,1,3,No
Moisturizer,MARIO BADESCU,MARIO BADESCU Midnight Recovery Concentrate #864,69.04,4.8,"Water, Glycerin, Dimethicone, Niacinamide, Hyaluronic Acid, Squalane, Tocopherol",1,0,1,1,1,4,No
Eye Cream,TATCHA,TATCHA Peptide Eye Complex #865,150.16,4.6,"Water, Retinol, Ceramide NP, Cholesterol, Phytosphingosine, Phenoxyethanol, Ethylhexylglycerin",1,1,0,1,1,4,No
Face Mask,HERBIVORE,HERBIVORE Water Sleeping Mask #866,39.83,3.6,"Water, Butylene Glycol, Salicylic Acid, Camellia Sinensis Leaf Extract, Sodium Hyaluronate",1,1,1,1,0,4,No
Treatment,HERBIVORE,HERBIVORE Good Genes All-In-One Lactic Acid #867,38.72,3.5,"Water, Butylene Glycol, Salicylic Acid, Camellia Sinensis Leaf Extract, Sodium Hyaluronate",1,1,1,1,0,4,No
Treatment,TATCHA,TATCHA BHA Liquid Exfoliant #868,381.97,3.7,"Water, Glycerin, Dimethicone, Niacinamide, Hyaluronic Acid, Squalane, Tocopherol",1,0,1,1,1,4,No
Sun Protect,SHISEIDO,SHISEIDO Hydro UV Defense SPF 50 #869,35.49,4.7,"Water, Lactic Acid, Glycolic Acid, Sodium Hydroxide, Centella Asiatica Extract, Allantoin",1,1,1,1,0,4,No
Sun Protect,HERBIVORE,HERBIVORE Mineral Mattescreen SPF 30 #870,46.01,3.4,"Water, Titanium Dioxide, Zinc Oxide, Caprylic/Capric Triglyceride, Silica, Iron Oxides",1,1,1,0,1,4,No
Cleanser,ORIGINS,ORIGINS Superfood Antioxidant Cleanser #871,41.54,4.3,"Water, Retinol, Ceramide NP, Cholesterol, Phytosphingosine, Phenoxyethanol, Ethylhexylglycerin",1,1,1,1,0,4,No
Cleanser,MARIO BADESCU,MARIO BADESCU Green Clean Makeup Mending Cleansing Balm #872,66.65,4.1,"Water, Butylene Glycol, Salicylic Acid, Camellia Sinensis Leaf Extract, Sodium Hyaluronate",1,1,1,1,1,5,Yes
Treatment,FRESH,FRESH Retinol Reform #873,94.3,4.4,"Water, Butylene Glycol, Salicylic Acid, Camellia Sinensis Leaf Extract, Sodium Hyaluronate",1,1,1,1,0,4,No
Face Mask,YOUTH TO THE PEOPLE,YOUTH TO THE PEOPLE Jet Lag Mask #874,86.29,3.6,"Water, Glycerin, Dimethicone, Niacinamide, Hyaluronic Acid, Squalane, Tocopherol",1,1,0,1,1,4,No
Moisturizer,DRUNK ELEPHANT,DRUNK ELEPHANT Protini Polypeptide Cream #875,45.36,3.5,"Water, Butylene Glycol, Salicylic Acid, Camellia Sinensis Leaf Extract, Sodium Hyaluronate",1,1,1,1,1,5,Yes
Cleanser,CLINIQUE,CLINIQUE Micellar Cleansing Water #876,89.33,4.7,"Water, Butylene Glycol, Salicylic Acid, Camellia Sinensis Leaf Extract, Sodium Hyaluronate",1,0,0,0,0,1,No
Moisturizer,KATE SOMERVILLE,KATE SOMERVILLE The True Cream Aqua Bomb #877,77.96,3.6,"Water, Glycerin, Dimethicone, Niacinamide, Hyaluronic Acid, Squalane, Tocopherol",1,0,1,1,0,3,No
Moisturizer,PAULA'S CHOICE,PAULA'S CHOICE Crème de la Mer #878,43.49,4.0,"Water, Lactic Acid, Glycolic Acid, Sodium Hydroxide, Centella Asiatica Extract, Allantoin",1,1,0,1,1,4,No
Cleanser,FARMACY,FARMACY Special Cleansing Gel #879,32.75,4.8,"Water, Lactic Acid, Glycolic Acid, Sodium Hydroxide, Centella Asiatica Extract, Allantoin",1,0,1,1,1,4,No
Moisturizer,SEPHORA COLLECTION,SEPHORA COLLECTION Protini Polypeptide Cream #880,13.43,3.9,"Water, Butylene Glycol, Salicylic Acid, Camellia Sinensis Leaf Extract, Sodium Hyaluronate",0,1,1,1,0,3,No
Moisturizer,HERBIVORE,HERBIVORE Honeymoon Glow AHA #881,80.91,4.8,"Water, Titanium Dioxide, Zinc Oxide, Caprylic/Capric Triglyceride, Silica, Iron Oxides",1,1,1,0,0,3,No
Cleanser,BIOSSANCE,BIOSSANCE Micellar Cleansing Water #882,86.04,4.6,"Water, Retinol, Ceramide NP, Cholesterol, Phytosphingosine, Phenoxyethanol, Ethylhexylglycerin",1,1,0,1,0,3,No
Moisturizer,ORIGINS,ORIGINS Protini Polypeptide Cream #883,39.64,4.0,"Water, Lactic Acid, Glycolic Acid, Sodium Hydroxide, Centella Asiatica Extract, Allantoin",0,1,0,1,0,2,No
Cleanser,THE ORDINARY,THE ORDINARY Foaming Facial Cleanser #884,13.28,4.1,"Water, Ascorbic Acid, Ferulic Acid, Panthenol, Xanthan Gum, Citric Acid, Disodium EDTA",0,1,0,1,1,3,No
Eye Cream,PAULA'S CHOICE,PAULA'S CHOICE Peptide Eye Complex #885,31.5,3.9,"Water, Butylene Glycol, Salicylic Acid, Camellia Sinensis Leaf Extract, Sodium Hyaluronate",1,0,0,0,1,2,No
Moisturizer,OLEHENRIKSEN,OLEHENRIKSEN Lala Retro Whipped Cream #886,96.99,4.7,"Water, Butylene Glycol, Salicylic Acid, Camellia Sinensis Leaf Extract, Sodium Hyaluronate",1,1,1,1,0,4,No
Cleanser,PAULA'S CHOICE,PAULA'S CHOICE Soy Face Cleanser #887,88.24,3.6,"Water, Titanium Dioxide, Zinc Oxide, Caprylic/Capric Triglyceride, Silica, Iron Oxides",1,1,1,1,0,4,No
Moisturizer,BELIF,BELIF Dewy Skin Cream #888,30.34,4.7,"Water, Butylene Glycol, Salicylic Acid, Camellia Sinensis Leaf Extract, Sodium Hyaluronate",1,1,1,0,1,4,No
Cleanser,SUNDAY RILEY,SUNDAY RILEY Soy Face Cleanser #889,72.95,4.6,"Water, Butylene Glycol, Salicylic Acid, Camellia Sinensis Leaf Extract, Sodium Hyaluronate",1,1,1,1,1,5,Yes
Face Mask,IT COSMETICS,IT COSMETICS Babyfacial AHA/BHA Mask #890,91.2,4.4,"Water, Lactic Acid, Glycolic Acid, Sodium Hydroxide, Centella Asiatica Extract, Allantoin",1,1,1,1,0,4,No
Eye Cream,FRESH,FRESH Banana Bright Eye Crème #891,58.09,4.0,"Water, Retinol, Ceramide NP, Cholesterol, Phytosphingosine, Phenoxyethanol, Ethylhexylglycerin",1,0,1,1,0,3,No
Treatment,KIEHL'S SINCE 1851,KIEHL'S SINCE 1851 Hyaluronic Acid 2% + B5 #892,108.1,3.6,"Water, Butylene Glycol, Salicylic Acid, Camellia Sinensis Leaf Extract, Sodium Hyaluronate",0,1,1,1,0,3,No
Sun Protect,SUNDAY RILEY,SUNDAY RILEY Hydro UV Defense SPF 50 #893,64.29,3.9,"Water, Titanium Dioxide, Zinc Oxide, Caprylic/Capric Triglyceride, Silica, Iron Oxides",0,1,1,1,0,3,No
Sun Protect,KORA ORGANICS,KORA ORGANICS Mineral Mattescreen SPF 30 #894,47.21,3.6,"Water, Lactic Acid, Glycolic Acid, Sodium Hydroxide, Centella Asiatica Extract, Allantoin",1,1,1,1,0,4,No
Eye Cream,BELIF,BELIF Banana Bright Eye Crème #895,42.22,3.4,"Water, Lactic Acid, Glycolic Acid, Sodium Hydroxide, Centella Asiatica Extract, Allantoin",1,1,1,0,0,3,No
Moisturizer,DRUNK ELEPHANT,DRUNK ELEPHANT Dewy Skin Cream #896,108.84,4.1,"Water, Glycerin, Dimethicone, Niacinamide, Hyaluronic Acid, Squalane, Tocopherol",1,1,1,1,0,4,No
Treatment,YOUTH TO THE PEOPLE,YOUTH TO THE PEOPLE BHA Liquid Exfoliant #897,51.04,4.0,"Water, Lactic Acid, Glycolic Acid, Sodium Hydroxide, Centella Asiatica Extract, Allantoin",1,1,1,1,1,5,Yes
Eye Cream,SEPHORA COLLECTION,SEPHORA COLLECTION Banana Bright Eye Crème #898,15.81,4.0,"Water, Ascorbic Acid, Ferulic Acid, Panthenol, Xanthan Gum, Citric Acid, Disodium EDTA",1,0,1,0,1,3,No
Moisturizer,KIEHL'S SINCE 1851,KIEHL'S SINCE 1851 Ultra Facial Cream #899,100.06,4.6,"Water, Titanium Dioxide, Zinc Oxide, Caprylic/Capric Triglyceride, Silica, Iron Oxides",1,1,1,1,0,4,No
Treatment,CAUDALIE,CAUDALIE Vitamin C Brightening Serum #900,77.62,4.8,"Water, Glycerin, Dimethicone, Niacinamide, Hyaluronic Acid, Squalane, Tocopherol",0,1,1,1,0,3,No
Eye Cream,LANEIGE,LANEIGE Banana Bright Eye Crème #901,93.21,3.6,"Water, Lactic Acid, Glycolic Acid, Sodium Hydroxide, Centella Asiatica Extract, Allantoin",1,1,1,1,0,4,No
Cleanser,CAUDALIE,CAUDALIE Gentle Skin Cleanser #902,29.86,4.3,"Water, Lactic Acid, Glycolic Acid, Sodium Hydroxide, Centella Asiatica Extract, Allantoin",1,1,1,1,0,4,No
Face Mask,SHISEIDO,SHISEIDO Charcoal Pore Minimizing Mask #903,99.39,4.4,"Water, Butylene Glycol, Salicylic Acid, Camellia Sinensis Leaf Extract, Sodium Hyaluronate",1,1,1,1,0,4,No
Face Mask,DRAUNK ELEPHANT,DRAUNK ELEPHANT Charcoal Pore Minimizing Mask #904,77.29,4.4,"Water, Retinol, Ceramide NP, Cholesterol, Phytosphingosine, Phenoxyethanol, Ethylhexylglycerin",1,0,1,1,1,4,No
Eye Cream,SUPERGOOP!,SUPERGOOP! Concentrate Eye Cream #905,99.46,4.9,"Water, Glycerin, Dimethicone, Niacinamide, Hyaluronic Acid, Squalane, Tocopherol",1,1,1,0,1,4,No
Treatment,BIOSSANCE,BIOSSANCE Retinol Reform #906,73.03,4.7,"Water, Butylene Glycol, Salicylic Acid, Camellia Sinensis Leaf Extract, Sodium Hyaluronate",0,1,1,1,1,4,No
Face Mask,KATE SOMERVILLE,KATE SOMERVILLE Charcoal Pore Minimizing Mask #907,63.98,3.5,"Water, Titanium Dioxide, Zinc Oxide, Caprylic/Capric Triglyceride, Silica, Iron Oxides",1,1,0,0,1,3,No
Treatment,SUNDAY RILEY,SUNDAY RILEY Vitamin C Brightening Serum #908,53.45,4.3,"Water, Butylene Glycol, Salicylic Acid, Camellia Sinensis Leaf Extract, Sodium Hyaluronate",0,1,1,1,1,4,No
Eye Cream,SEPHORA COLLECTION,SEPHORA COLLECTION Avocado Melt Retinol Eye Cream #909,9.18,3.7,"Water, Ascorbic Acid, Ferulic Acid, Panthenol, Xanthan Gum, Citric Acid, Disodium EDTA",1,1,1,1,1,5,Yes
Face Mask,ESTÉE LAUDER,ESTÉE LAUDER Jet Lag Mask #910,42.19,3.4,"Water, Titanium Dioxide, Zinc Oxide, Caprylic/Capric Triglyceride, Silica, Iron Oxides",0,0,1,0,1,2,No
Cleanser,SUNDAY RILEY,SUNDAY RILEY Superfood Antioxidant Cleanser #911,58.84,3.8,"Water, Titanium Dioxide, Zinc Oxide, Caprylic/Capric Triglyceride, Silica, Iron Oxides",0,1,1,1,0,3,No
Moisturizer,KIEHL'S SINCE 1851,KIEHL'S SINCE 1851 Midnight Recovery Concentrate #912,53.41,4.5,"Water, Butylene Glycol, Salicylic Acid, Camellia Sinensis Leaf Extract, Sodium Hyaluronate",1,0,0,1,1,3,No
Eye Cream,FRESH,FRESH Peptide Eye Complex #913,61.56,4.8,"Water, Ascorbic Acid, Ferulic Acid, Panthenol, Xanthan Gum, Citric Acid, Disodium EDTA",0,1,1,1,0,3,No
Treatment,ORIGINS,ORIGINS Luna Sleeping Night Oil #914,36.94,4.1,"Water, Butylene Glycol, Salicylic Acid, Camellia Sinensis Leaf Extract, Sodium Hyaluronate",0,0,1,1,0,2,No
Eye Cream,LA MER,LA MER Avocado Melt Retinol Eye Cream #915,368.56,4.7,"Water, Titanium Dioxide, Zinc Oxide, Caprylic/Capric Triglyceride, Silica, Iron Oxides",0,1,1,0,0,2,No
Face Mask,KATE SOMERVILLE,KATE SOMERVILLE Charcoal Pore Minimizing Mask #916,38.28,4.0,"Water, Lactic Acid, Glycolic Acid, Sodium Hydroxide, Centella Asiatica Extract, Allantoin",1,1,1,1,0,4,No
Moisturizer,FIRST AID BEAUTY,FIRST AID BEAUTY The True Cream Aqua Bomb #917,67.18,4.7,"Water, Titanium Dioxide, Zinc Oxide, Caprylic/Capric Triglyceride, Silica, Iron Oxides",0,1,0,1,0,2,No
Treatment,KATE SOMERVILLE,KATE SOMERVILLE Hyaluronic Acid 2% + B5 #918,68.99,4.5,"Water, Glycerin, Dimethicone, Niacinamide, Hyaluronic Acid, Squalane, Tocopherol",1,1,0,1,0,3,No
Eye Cream,FRESH,FRESH Lightful C Eye Cream #919,61.49,3.8,"Water, Titanium Dioxide, Zinc Oxide, Caprylic/Capric Triglyceride, Silica, Iron Oxides",0,0,1,1,1,3,No
Moisturizer,SK-II,SK-II Dewy Skin Cream #920,365.42,3.6,"Water, Titanium Dioxide, Zinc Oxide, Caprylic/Capric Triglyceride, Silica, Iron Oxides",1,1,1,1,1,5,Yes
Cleanser,PAULA'S CHOICE,PAULA'S CHOICE Micellar Cleansing Water #921,71.44,3.6,"Water, Retinol, Ceramide NP, Cholesterol, Phytosphingosine, Phenoxyethanol, Ethylhexylglycerin",1,0,0,1,1,3,No
Moisturizer,MURAD,MURAD Ultra Facial Cream #922,67.65,3.8,"Water, Titanium Dioxide, Zinc Oxide, Caprylic/Capric Triglyceride, Silica, Iron Oxides",1,0,0,0,1,2,No
Face Mask,DRUNK ELEPHANT,DRUNK ELEPHANT Jet Lag Mask #923,26.26,4.6,"Water, Ascorbic Acid, Ferulic Acid, Panthenol, Xanthan Gum, Citric Acid, Disodium EDTA",1,0,1,1,0,3,No
Eye Cream,YOUTH TO THE PEOPLE,YOUTH TO THE PEOPLE Autocorrect Brightening Eye Cream #924,77.0,4.0,"Water, Glycerin, Dimethicone, Niacinamide, Hyaluronic Acid, Squalane, Tocopherol",0,1,0,0,1,2,No
Treatment,KORA ORGANICS,KORA ORGANICS Retinol Reform #925,61.62,3.5,"Water, Butylene Glycol, Salicylic Acid, Camellia Sinensis Leaf Extract, Sodium Hyaluronate",1,1,1,0,0,3,No
Cleanser,KIEHL'S SINCE 1851,KIEHL'S SINCE 1851 Green Clean Makeup Mending Cleansing Balm #926,26.21,3.4,"Water, Ascorbic Acid, Ferulic Acid, Panthenol, Xanthan Gum, Citric Acid, Disodium EDTA",1,1,1,1,1,5,Yes
Sun Protect,CLINIQUE,CLINIQUE UV Clear Broad-Spectrum #927,78.56,4.6,"Water, Butylene Glycol, Salicylic Acid, Camellia Sinensis Leaf Extract, Sodium Hyaluronate",1,1,1,0,0,3,No
Sun Protect,BIOSSANCE,BIOSSANCE City Sunscreen Serum #928,80.7,3.8,"Water, Butylene Glycol, Salicylic Acid, Camellia Sinensis Leaf Extract, Sodium Hyaluronate",1,1,1,1,1,5,Yes
Moisturizer,SEPHORA COLLECTION,SEPHORA COLLECTION The True Cream Aqua Bomb #929,10.93,3.7,"Water, Glycerin, Dimethicone, Niacinamide, Hyaluronic Acid, Squalane, Tocopherol",0,0,1,1,1,3,No
Face Mask,SK-II,SK-II Babyfacial AHA/BHA Mask #930,116.34,4.8,"Water, Glycerin, Dimethicone, Niacinamide, Hyaluronic Acid, Squalane, Tocopherol",1,1,0,1,1,4,No
Cleanser,GLOW RECIPE,GLOW RECIPE Superfood Antioxidant Cleanser #931,24.87,3.7,"Water, Ascorbic Acid, Ferulic Acid, Panthenol, Xanthan Gum, Citric Acid, Disodium EDTA",1,1,1,1,1,5,Yes
Eye Cream,KATE SOMERVILLE,KATE SOMERVILLE Banana Bright Eye Crème #932,37.62,4.5,"Water, Glycerin, Dimethicone, Niacinamide, Hyaluronic Acid, Squalane, Tocopherol",1,1,1,0,0,3,No
Treatment,FARMACY,FARMACY BHA Liquid Exfoliant #933,26.54,3.6,"Water, Glycerin, Dimethicone, Niacinamide, Hyaluronic Acid, Squalane, Tocopherol",1,0,1,1,0,3,No
Moisturizer,OLEHENRIKSEN,OLEHENRIKSEN C-Firma Fresh Day Serum #934,80.07,4.1,"Water, Retinol, Ceramide NP, Cholesterol, Phytosphingosine, Phenoxyethanol, Ethylhexylglycerin",0,1,1,1,0,3,No
Cleanser,HERBIVORE,HERBIVORE Foaming Facial Cleanser #935,32.85,4.6,"Water, Ascorbic Acid, Ferulic Acid, Panthenol, Xanthan Gum, Citric Acid, Disodium EDTA",1,1,1,1,1,5,Yes
Face Mask,KORA ORGANICS,KORA ORGANICS Clay Detox Mask #936,88.25,4.6,"Water, Ascorbic Acid, Ferulic Acid, Panthenol, Xanthan Gum, Citric Acid, Disodium EDTA",1,1,0,0,0,2,No
Treatment,SUNDAY RILEY,SUNDAY RILEY Niacinamide 10% + Zinc 1% #937,38.38,3.5,"Water, Ascorbic Acid, Ferulic Acid, Panthenol, Xanthan Gum, Citric Acid, Disodium EDTA",1,1,1,1,1,5,Yes
Moisturizer,FARMACY,FARMACY Protini Polypeptide Cream #938,93.58,4.0,"Water, Butylene Glycol, Salicylic Acid, Camellia Sinensis Leaf Extract, Sodium Hyaluronate",1,1,1,0,0,3,No
Treatment,SEPHORA COLLECTION,SEPHORA COLLECTION Vitamin C Brightening Serum #939,8.83,3.9,"Water, Glycerin, Dimethicone, Niacinamide, Hyaluronic Acid, Squalane, Tocopherol",1,1,0,1,0,3,No
Eye Cream,SUNDAY RILEY,SUNDAY RILEY Avocado Melt Retinol Eye Cream #940,48.39,3.7,"Water, Butylene Glycol, Salicylic Acid, Camellia Sinensis Leaf Extract, Sodium Hyaluronate",1,0,1,1,1,4,No
Treatment,ORIGINS,ORIGINS BHA Liquid Exfoliant #941,40.95,4.6,"Water, Retinol, Ceramide NP, Cholesterol, Phytosphingosine, Phenoxyethanol, Ethylhexylglycerin",1,0,0,1,1,3,No
Face Mask,FRESH,FRESH Clay Detox Mask #942,52.11,4.0,"Water, Ascorbic Acid, Ferulic Acid, Panthenol, Xanthan Gum, Citric Acid, Disodium EDTA",1,0,1,1,1,4,No
Treatment,CLINIQUE,CLINIQUE Hyaluronic Acid 2% + B5 #943,27.18,4.2,"Water, Ascorbic Acid, Ferulic Acid, Panthenol, Xanthan Gum, Citric Acid, Disodium EDTA",1,0,1,1,1,4,No
Moisturizer,DRAUNK ELEPHANT,DRAUNK ELEPHANT The True Cream Aqua Bomb #944,47.62,4.5,"Water, Retinol, Ceramide NP, Cholesterol, Phytosphingosine, Phenoxyethanol, Ethylhexylglycerin",1,0,0,1,1,3,No
Treatment,DERMALOGICA,DERMALOGICA Niacinamide 10% + Zinc 1% #945,96.99,4.9,"Water, Glycerin, Dimethicone, Niacinamide, Hyaluronic Acid, Squalane, Tocopherol",1,1,1,0,1,4,No
Moisturizer,CLINIQUE,CLINIQUE The Water Cream #946,109.44,4.7,"Water, Titanium Dioxide, Zinc Oxide, Caprylic/Capric Triglyceride, Silica, Iron Oxides",0,1,1,1,0,3,No
Sun Protect,MURAD,MURAD Defense Refresh Setting Mist #947,109.1,4.8,"Water, Glycerin, Dimethicone, Niacinamide, Hyaluronic Acid, Squalane, Tocopherol",1,1,1,1,0,4,No
Moisturizer,SHISEIDO,SHISEIDO Lala Retro Whipped Cream #948,83.16,4.6,"Water, Retinol, Ceramide NP, Cholesterol, Phytosphingosine, Phenoxyethanol, Ethylhexylglycerin",1,1,1,1,1,5,Yes
Cleanser,ORIGINS,ORIGINS Gentle Skin Cleanser #949,88.76,4.7,"Water, Retinol, Ceramide NP, Cholesterol, Phytosphingosine, Phenoxyethanol, Ethylhexylglycerin",0,1,1,1,1,4,No
Treatment,ORIGINS,ORIGINS Niacinamide 10% + Zinc 1% #950,43.42,3.8,"Water, Lactic Acid, Glycolic Acid, Sodium Hydroxide, Centella Asiatica Extract, Allantoin",1,0,1,0,1,3,No
Moisturizer,LANEIGE,LANEIGE Crème de la Mer #951,42.27,4.4,"Water, Retinol, Ceramide NP, Cholesterol, Phytosphingosine, Phenoxyethanol, Ethylhexylglycerin",0,1,0,1,0,2,No
Cleanser,KORA ORGANICS,KORA ORGANICS Kalie Squalane Cleanser #952,89.4,3.9,"Water, Retinol, Ceramide NP, Cholesterol, Phytosphingosine, Phenoxyethanol, Ethylhexylglycerin",1,1,1,0,0,3,No
Face Mask,SUPERGOOP!,SUPERGOOP! Charcoal Pore Minimizing Mask #953,77.36,3.7,"Water, Retinol, Ceramide NP, Cholesterol, Phytosphingosine, Phenoxyethanol, Ethylhexylglycerin",1,1,1,1,0,4,No
Sun Protect,FIRST AID BEAUTY,FIRST AID BEAUTY Defense Refresh Setting Mist #954,79.76,3.6,"Water, Glycerin, Dimethicone, Niacinamide, Hyaluronic Acid, Squalane, Tocopherol",1,1,1,1,0,4,No
Treatment,SK-II,SK-II Niacinamide 10% + Zinc 1% #955,286.95,4.1,"Water, Lactic Acid, Glycolic Acid, Sodium Hydroxide, Centella Asiatica Extract, Allantoin",1,1,1,1,0,4,No
Cleanser,YOUTH TO THE PEOPLE,YOUTH TO THE PEOPLE Foaming Facial Cleanser #956,67.68,3.5,"Water, Lactic Acid, Glycolic Acid, Sodium Hydroxide, Centella Asiatica Extract, Allantoin",1,1,1,1,1,5,Yes
Cleanser,CAUDALIE,CAUDALIE Special Cleansing Gel #957,58.63,4.3,"Water, Ascorbic Acid, Ferulic Acid, Panthenol, Xanthan Gum, Citric Acid, Disodium EDTA",0,1,1,1,0,3,No
Moisturizer,PAULA'S CHOICE,PAULA'S CHOICE The Water Cream #958,28.57,3.5,"Water, Lactic Acid, Glycolic Acid, Sodium Hydroxide, Centella Asiatica Extract, Allantoin",1,1,1,1,0,4,No
Eye Cream,YOUTH TO THE PEOPLE,YOUTH TO THE PEOPLE Avocado Melt Retinol Eye Cream #959,57.79,3.7,"Water, Titanium Dioxide, Zinc Oxide, Caprylic/Capric Triglyceride, Silica, Iron Oxides",1,1,1,0,0,3,No
Treatment,CAUDALIE,CAUDALIE Resurfacing Serum #960,87.11,3.5,"Water, Ascorbic Acid, Ferulic Acid, Panthenol, Xanthan Gum, Citric Acid, Disodium EDTA",0,0,1,0,0,1,No
Sun Protect,SUNDAY RILEY,SUNDAY RILEY Mineral Mattescreen SPF 30 #961,40.11,4.7,"Water, Butylene Glycol, Salicylic Acid, Camellia Sinensis Leaf Extract, Sodium Hyaluronate",1,1,0,1,1,4,No
Cleanser,SHISEIDO,SHISEIDO Green Clean Makeup Mending Cleansing Balm #962,38.68,4.5,"Water, Glycerin, Dimethicone, Niacinamide, Hyaluronic Acid, Squalane, Tocopherol",1,1,1,1,0,4,No
Face Mask,FARMACY,FARMACY Jet Lag Mask #963,94.43,4.3,"Water, Lactic Acid, Glycolic Acid, Sodium Hydroxide, Centella Asiatica Extract, Allantoin",1,1,1,1,1,5,Yes
Treatment,IT COSMETICS,IT COSMETICS Niacinamide 10% + Zinc 1% #964,66.2,3.9,"Water, Ascorbic Acid, Ferulic Acid, Panthenol, Xanthan Gum, Citric Acid, Disodium EDTA",1,1,1,1,1,5,Yes
Moisturizer,OLEHENRIKSEN,OLEHENRIKSEN The True Cream Aqua Bomb #965,85.07,4.7,"Water, Titanium Dioxide, Zinc Oxide, Caprylic/Capric Triglyceride, Silica, Iron Oxides",0,1,1,1,0,3,No
Face Mask,PAULA'S CHOICE,PAULA'S CHOICE Sheet Mask Hydrating #966,109.49,3.9,"Water, Glycerin, Dimethicone, Niacinamide, Hyaluronic Acid, Squalane, Tocopherol",1,1,1,0,1,4,No
Cleanser,BIOSSANCE,BIOSSANCE Green Clean Makeup Mending Cleansing Balm #967,107.03,4.7,"Water, Titanium Dioxide, Zinc Oxide, Caprylic/Capric Triglyceride, Silica, Iron Oxides",0,1,1,1,0,3,No
Face Mask,DRAUNK ELEPHANT,DRAUNK ELEPHANT Superberry Hydrate + Glow Dream Mask #968,50.6,3.5,"Water, Ascorbic Acid, Ferulic Acid, Panthenol, Xanthan Gum, Citric Acid, Disodium EDTA",1,1,0,1,0,3,No
Treatment,FARMACY,FARMACY Luna Sleeping Night Oil #969,66.91,4.4,"Water, Retinol, Ceramide NP, Cholesterol, Phytosphingosine, Phenoxyethanol, Ethylhexylglycerin",1,0,1,1,1,4,No
Treatment,SUNDAY RILEY,SUNDAY RILEY Resurfacing Serum #970,25.34,3.5,"Water, Lactic Acid, Glycolic Acid, Sodium Hydroxide, Centella Asiatica Extract, Allantoin",1,1,0,1,1,4,No
Face Mask,OLEHENRIKSEN,OLEHENRIKSEN Sheet Mask Hydrating #971,95.73,3.5,"Water, Butylene Glycol, Salicylic Acid, Camellia Sinensis Leaf Extract, Sodium Hyaluronate",1,0,1,1,0,3,No
Cleanser,LANCÔME,LANCÔME Foaming Facial Cleanser #972,74.33,3.5,"Water, Butylene Glycol, Salicylic Acid, Camellia Sinensis Leaf Extract, Sodium Hyaluronate",1,1,1,0,1,4,No
Face Mask,YOUTH TO THE PEOPLE,YOUTH TO THE PEOPLE Jet Lag Mask #973,100.8,4.8,"Water, Ascorbic Acid, Ferulic Acid, Panthenol, Xanthan Gum, Citric Acid, Disodium EDTA",1,1,0,1,0,3,No
Sun Protect,LANCÔME,LANCÔME City Sunscreen Serum #974,35.67,4.2,"Water, Lactic Acid, Glycolic Acid, Sodium Hydroxide, Centella Asiatica Extract, Allantoin",1,1,1,1,0,4,No
Face Mask,KORA ORGANICS,KORA ORGANICS Jet Lag Mask #975,35.92,4.1,"Water, Lactic Acid, Glycolic Acid, Sodium Hydroxide, Centella Asiatica Extract, Allantoin",1,1,1,1,1,5,Yes
Face Mask,DRAUNK ELEPHANT,DRAUNK ELEPHANT Babyfacial AHA/BHA Mask #976,26.38,4.2,"Water, Retinol, Ceramide NP, Cholesterol, Phytosphingosine, Phenoxyethanol, Ethylhexylglycerin",1,1,1,0,0,3,No
Cleanser,KATE SOMERVILLE,KATE SOMERVILLE Superfood Antioxidant Cleanser #977,28.6,4.7,"Water, Butylene Glycol, Salicylic Acid, Camellia Sinensis Leaf Extract, Sodium Hyaluronate",0,1,0,1,1,3,No
Moisturizer,TATCHA,TATCHA The True Cream Aqua Bomb #978,335.67,4.4,"Water, Lactic Acid, Glycolic Acid, Sodium Hydroxide, Centella Asiatica Extract, Allantoin",1,0,0,1,1,3,No
Moisturizer,TULA,TULA Crème de la Mer #979,84.34,4.2,"Water, Ascorbic Acid, Ferulic Acid, Panthenol, Xanthan Gum, Citric Acid, Disodium EDTA",0,1,1,0,0,2,No
Sun Protect,FIRST AID BEAUTY,FIRST AID BEAUTY Hydro UV Defense SPF 50 #980,109.07,3.4,"Water, Retinol, Ceramide NP, Cholesterol, Phytosphingosine, Phenoxyethanol, Ethylhexylglycerin",1,1,1,1,0,4,No
Eye Cream,FARMACY,FARMACY Lightful C Eye Cream #981,32.33,3.7,"Water, Retinol, Ceramide NP, Cholesterol, Phytosphingosine, Phenoxyethanol, Ethylhexylglycerin",1,1,0,1,1,4,No
Treatment,YOUTH TO THE PEOPLE,YOUTH TO THE PEOPLE Niacinamide 10% + Zinc 1% #982,108.51,4.6,"Water, Ascorbic Acid, Ferulic Acid, Panthenol, Xanthan Gum, Citric Acid, Disodium EDTA",1,1,1,1,0,4,No
Sun Protect,SK-II,SK-II Mineral Mattescreen SPF 30 #983,136.09,4.5,"Water, Butylene Glycol, Salicylic Acid, Camellia Sinensis Leaf Extract, Sodium Hyaluronate",1,1,0,1,0,3,No
Treatment,BELIF,BELIF Niacinamide 10% + Zinc 1% #984,55.59,3.8,"Water, Retinol, Ceramide NP, Cholesterol, Phytosphingosine, Phenoxyethanol, Ethylhexylglycerin",1,1,0,1,0,3,No
Moisturizer,CAUDALIE,CAUDALIE Honeymoon Glow AHA #985,34.33,4.0,"Water, Ascorbic Acid, Ferulic Acid, Panthenol, Xanthan Gum, Citric Acid, Disodium EDTA",1,1,0,1,0,3,No
Cleanser,DERMALOGICA,DERMALOGICA Micellar Cleansing Water #986,47.81,4.9,"Water, Lactic Acid, Glycolic Acid, Sodium Hydroxide, Centella Asiatica Extract, Allantoin",1,0,0,1,0,2,No
Sun Protect,SEPHORA COLLECTION,SEPHORA COLLECTION City Sunscreen Serum #987,16.84,4.2,"Water, Retinol, Ceramide NP, Cholesterol, Phytosphingosine, Phenoxyethanol, Ethylhexylglycerin",1,0,1,1,1,4,No
Sun Protect,MARIO BADESCU,MARIO BADESCU UV Clear Broad-Spectrum #988,106.78,4.3,"Water, Butylene Glycol, Salicylic Acid, Camellia Sinensis Leaf Extract, Sodium Hyaluronate",1,1,1,1,1,5,Yes
Moisturizer,DRUNK ELEPHANT,DRUNK ELEPHANT Crème de la Mer #989,97.27,3.6,"Water, Glycerin, Dimethicone, Niacinamide, Hyaluronic Acid, Squalane, Tocopherol",1,1,0,1,0,3,No
Sun Protect,THE ORDINARY,THE ORDINARY Unseen Sunscreen SPF 40 #990,20.5,3.7,"Water, Retinol, Ceramide NP, Cholesterol, Phytosphingosine, Phenoxyethanol, Ethylhexylglycerin",0,1,1,1,1,4,No
Moisturizer,SUNDAY RILEY,SUNDAY RILEY Honeymoon Glow AHA #991,89.65,4.3,"Water, Glycerin, Dimethicone, Niacinamide, Hyaluronic Acid, Squalane, Tocopherol",1,0,1,1,1,4,No
Cleanser,LANCÔME,LANCÔME Special Cleansing Gel #992,45.71,4.1,"Water, Lactic Acid, Glycolic Acid, Sodium Hydroxide, Centella Asiatica Extract, Allantoin",1,1,1,1,0,4,No
Moisturizer,SK-II,SK-II The Water Cream #993,154.03,4.6,"Water, Glycerin, Dimethicone, Niacinamide, Hyaluronic Acid, Squalane, Tocopherol",1,1,1,1,0,4,No
Sun Protect,KORA ORGANICS,KORA ORGANICS UV Clear Broad-Spectrum #994,40.35,3.7,"Water, Retinol, Ceramide NP, Cholesterol, Phytosphingosine, Phenoxyethanol, Ethylhexylglycerin",1,0,1,1,1,4,No
Face Mask,BIOSSANCE,BIOSSANCE Charcoal Pore Minimizing Mask #995,30.09,3.5,"Water, Ascorbic Acid, Ferulic Acid, Panthenol, Xanthan Gum, Citric Acid, Disodium EDTA",1,1,1,1,0,4,No
Moisturizer,KATE SOMERVILLE,KATE SOMERVILLE Lala Retro Whipped Cream #996,25.94,4.6,"Water, Lactic Acid, Glycolic Acid, Sodium Hydroxide, Centella Asiatica Extract, Allantoin",1,1,1,1,0,4,No
Treatment,SUNDAY RILEY,SUNDAY RILEY BHA Liquid Exfoliant #997,97.37,4.8,"Water, Ascorbic Acid, Ferulic Acid, Panthenol, Xanthan Gum, Citric Acid, Disodium EDTA",1,1,1,1,1,5,Yes
Treatment,SK-II,SK-II Luna Sleeping Night Oil #998,193.03,3.8,"Water, Lactic Acid, Glycolic Acid, Sodium Hydroxide, Centella Asiatica Extract, Allantoin",1,1,1,1,1,5,Yes
Cleanser,LANEIGE,LANEIGE Green Clean Makeup Mending Cleansing Balm #999,93.29,4.2,"Water, Ascorbic Acid, Ferulic Acid, Panthenol, Xanthan Gum, Citric Acid, Disodium EDTA",1,0,1,1,1,4,No
Eye Cream,MARIO BADESCU,MARIO BADESCU Autocorrect Brightening Eye Cream #1000,47.26,3.5,"Water, Glycerin, Dimethicone, Niacinamide, Hyaluronic Acid, Squalane, Tocopherol",0,1,1,1,1,4,No
Treatment,PAULA'S CHOICE,PAULA'S CHOICE Luna Sleeping Night Oil #1001,104.09,3.4,"Water, Butylene Glycol, Salicylic Acid, Camellia Sinensis Leaf Extract, Sodium Hyaluronate",0,1,0,1,1,3,No
Face Mask,CLINIQUE,CLINIQUE Babyfacial AHA/BHA Mask #1002,84.32,4.2,"Water, Glycerin, Dimethicone, Niacinamide, Hyaluronic Acid, Squalane, Tocopherol",0,1,1,1,0,3,No
Treatment,KORA ORGANICS,KORA ORGANICS Luna Sleeping Night Oil #1003,44.48,3.5,"Water, Glycerin, Dimethicone, Niacinamide, Hyaluronic Acid, Squalane, Tocopherol",1,1,1,1,0,4,No
Moisturizer,SUNDAY RILEY,SUNDAY RILEY Crème de la Mer #1004,34.9,3.7,"Water, Glycerin, Dimethicone, Niacinamide, Hyaluronic Acid, Squalane, Tocopherol",1,0,1,1,0,3,No
Eye Cream,YOUTH TO THE PEOPLE,YOUTH TO THE PEOPLE Avocado Melt Retinol Eye Cream #1005,80.55,4.4,"Water, Glycerin, Dimethicone, Niacinamide, Hyaluronic Acid, Squalane, Tocopherol",1,1,0,1,0,3,No
Face Mask,FIRST AID BEAUTY,FIRST AID BEAUTY Superberry Hydrate + Glow Dream Mask #1006,91.1,3.8,"Water, Titanium Dioxide, Zinc Oxide, Caprylic/Capric Triglyceride, Silica, Iron Oxides",1,0,1,1,1,4,No
Treatment,DRAUNK ELEPHANT,DRAUNK ELEPHANT Niacinamide 10% + Zinc 1% #1007,48.06,3.7,"Water, Butylene Glycol, Salicylic Acid, Camellia Sinensis Leaf Extract, Sodium Hyaluronate",1,0,1,1,0,3,No
Sun Protect,SEPHORA COLLECTION,SEPHORA COLLECTION Unseen Sunscreen SPF 40 #1008,21.67,4.4,"Water, Titanium Dioxide, Zinc Oxide, Caprylic/Capric Triglyceride, Silica, Iron Oxides",0,1,1,1,1,4,No
Treatment,HERBIVORE,HERBIVORE Hyaluronic Acid 2% + B5 #1009,49.84,4.8,"Water, Glycerin, Dimethicone, Niacinamide, Hyaluronic Acid, Squalane, Tocopherol",1,1,0,1,1,4,No
Face Mask,SUPERGOOP!,SUPERGOOP! Jet Lag Mask #1010,43.3,4.0,"Water, Titanium Dioxide, Zinc Oxide, Caprylic/Capric Triglyceride, Silica, Iron Oxides",0,1,1,1,0,3,No
Moisturizer,IT COSMETICS,IT COSMETICS The True Cream Aqua Bomb #1011,93.68,4.3,"Water, Glycerin, Dimethicone, Niacinamide, Hyaluronic Acid, Squalane, Tocopherol",1,1,0,1,1,4,No
Eye Cream,BIOSSANCE,BIOSSANCE Peptide Eye Complex #1012,104.19,3.8,"Water, Ascorbic Acid, Ferulic Acid, Panthenol, Xanthan Gum, Citric Acid, Disodium EDTA",0,1,1,0,1,3,No
Face Mask,THE ORDINARY,THE ORDINARY Water Sleeping Mask #1013,20.62,3.8,"Water, Titanium Dioxide, Zinc Oxide, Caprylic/Capric Triglyceride, Silica, Iron Oxides",1,1,1,1,0,4,No
Eye Cream,YOUTH TO THE PEOPLE,YOUTH TO THE PEOPLE Banana Bright Eye Crème #1014,76.94,3.9,"Water, Titanium Dioxide, Zinc Oxide, Caprylic/Capric Triglyceride, Silica, Iron Oxides",1,1,1,1,0,4,No
Treatment,GLOW RECIPE,GLOW RECIPE Niacinamide 10% + Zinc 1% #1015,63.79,4.1,"Water, Retinol, Ceramide NP, Cholesterol, Phytosphingosine, Phenoxyethanol, Ethylhexylglycerin",1,0,0,0,1,2,No
Moisturizer,KIEHL'S SINCE 1851,KIEHL'S SINCE 1851 The True Cream Aqua Bomb #1016,101.15,4.2,"Water, Glycerin, Dimethicone, Niacinamide, Hyaluronic Acid, Squalane, Tocopherol",0,1,1,1,0,3,No
Face Mask,CLINIQUE,CLINIQUE Water Sleeping Mask #1017,78.21,3.6,"Water, Ascorbic Acid, Ferulic Acid, Panthenol, Xanthan Gum, Citric Acid, Disodium EDTA",1,1,1,1,0,4,No
Sun Protect,TULA,TULA UV Clear Broad-Spectrum #1018,73.87,3.5,"Water, Titanium Dioxide, Zinc Oxide, Caprylic/Capric Triglyceride, Silica, Iron Oxides",1,1,1,1,1,5,Yes
Sun Protect,OLEHENRIKSEN,OLEHENRIKSEN Defense Refresh Setting Mist #1019,85.78,4.3,"Water, Lactic Acid, Glycolic Acid, Sodium Hydroxide, Centella Asiatica Extract, Allantoin",1,1,0,1,1,4,No
Cleanser,ESTÉE LAUDER,ESTÉE LAUDER Kalie Squalane Cleanser #1020,73.05,4.6,"Water, Titanium Dioxide, Zinc Oxide, Caprylic/Capric Triglyceride, Silica, Iron Oxides",0,1,0,1,0,2,No
Moisturizer,ORIGINS,ORIGINS Dewy Skin Cream #1021,91.78,3.9,"Water, Retinol, Ceramide NP, Cholesterol, Phytosphingosine, Phenoxyethanol, Ethylhexylglycerin",1,1,1,1,0,4,No
Treatment,DRUNK ELEPHANT,DRUNK ELEPHANT Resurfacing Serum #1022,104.01,4.8,"Water, Glycerin, Dimethicone, Niacinamide, Hyaluronic Acid, Squalane, Tocopherol",1,1,1,1,0,4,No
Face Mask,DRUNK ELEPHANT,DRUNK ELEPHANT Sheet Mask Hydrating #1023,86.46,4.0,"Water, Titanium Dioxide, Zinc Oxide, Caprylic/Capric Triglyceride, Silica, Iron Oxides",1,1,1,1,1,5,Yes
Eye Cream,TATCHA,TATCHA Lightful C Eye Cream #1024,231.98,4.2,"Water, Retinol, Ceramide NP, Cholesterol, Phytosphingosine, Phenoxyethanol, Ethylhexylglycerin",1,0,1,1,0,3,No
Treatment,THE ORDINARY,THE ORDINARY Vitamin C Brightening Serum #1025,10.46,3.9,"Water, Glycerin, Dimethicone, Niacinamide, Hyaluronic Acid, Squalane, Tocopherol",1,1,0,1,1,4,No
Treatment,TULA,TULA Good Genes All-In-One Lactic Acid #1026,102.66,4.4,"Water, Ascorbic Acid, Ferulic Acid, Panthenol, Xanthan Gum, Citric Acid, Disodium EDTA",1,1,0,0,0,2,No
Eye Cream,THE ORDINARY,THE ORDINARY Avocado Melt Retinol Eye Cream #1027,17.11,4.4,"Water, Ascorbic Acid, Ferulic Acid, Panthenol, Xanthan Gum, Citric Acid, Disodium EDTA",1,0,1,1,1,4,No
Moisturizer,DRAUNK ELEPHANT,DRAUNK ELEPHANT Midnight Recovery Concentrate #1028,67.43,3.6,"Water, Retinol, Ceramide NP, Cholesterol, Phytosphingosine, Phenoxyethanol, Ethylhexylglycerin",1,1,0,1,0,3,No
Moisturizer,DRAUNK ELEPHANT,DRAUNK ELEPHANT The True Cream Aqua Bomb #1029,89.83,4.5,"Water, Retinol, Ceramide NP, Cholesterol, Phytosphingosine, Phenoxyethanol, Ethylhexylglycerin",1,1,1,1,1,5,Yes
Sun Protect,FRESH,FRESH Unseen Sunscreen SPF 40 #1030,35.38,4.7,"Water, Retinol, Ceramide NP, Cholesterol, Phytosphingosine, Phenoxyethanol, Ethylhexylglycerin",0,0,1,1,0,2,No
Sun Protect,CAUDALIE,CAUDALIE Unseen Sunscreen SPF 40 #1031,52.97,4.6,"Water, Lactic Acid, Glycolic Acid, Sodium Hydroxide, Centella Asiatica Extract, Allantoin",1,1,1,1,1,5,Yes
Face Mask,SUPERGOOP!,SUPERGOOP! Sheet Mask Hydrating #1032,95.79,3.8,"Water, Retinol, Ceramide NP, Cholesterol, Phytosphingosine, Phenoxyethanol, Ethylhexylglycerin",1,1,1,0,1,4,No
Eye Cream,MURAD,MURAD Peptide Eye Complex #1033,79.85,4.0,"Water, Retinol, Ceramide NP, Cholesterol, Phytosphingosine, Phenoxyethanol, Ethylhexylglycerin",1,0,1,0,0,2,No
Face Mask,IT COSMETICS,IT COSMETICS Jet Lag Mask #1034,72.52,4.7,"Water, Ascorbic Acid, Ferulic Acid, Panthenol, Xanthan Gum, Citric Acid, Disodium EDTA",0,0,1,1,0,2,No
Cleanser,SEPHORA COLLECTION,SEPHORA COLLECTION Soy Face Cleanser #1035,19.21,4.5,"Water, Titanium Dioxide, Zinc Oxide, Caprylic/Capric Triglyceride, Silica, Iron Oxides",1,1,1,1,1,5,Yes
Treatment,CAUDALIE,CAUDALIE Retinol Reform #1036,34.2,3.8,"Water, Retinol, Ceramide NP, Cholesterol, Phytosphingosine, Phenoxyethanol, Ethylhexylglycerin",1,1,1,1,1,5,Yes
Cleanser,HERBIVORE,HERBIVORE Gentle Skin Cleanser #1037,32.25,4.2,"Water, Ascorbic Acid, Ferulic Acid, Panthenol, Xanthan Gum, Citric Acid, Disodium EDTA",1,1,1,0,1,4,No
Face Mask,SK-II,SK-II Superberry Hydrate + Glow Dream Mask #1038,153.91,4.8,"Water, Ascorbic Acid, Ferulic Acid, Panthenol, Xanthan Gum, Citric Acid, Disodium EDTA",0,1,1,1,0,3,No
Moisturizer,FARMACY,FARMACY Honeymoon Glow AHA #1039,100.44,4.1,"Water, Glycerin, Dimethicone, Niacinamide, Hyaluronic Acid, Squalane, Tocopherol",1,0,1,1,1,4,No
Sun Protect,PAULA'S CHOICE,PAULA'S CHOICE Hydro UV Defense SPF 50 #1040,30.39,3.6,"Water, Lactic Acid, Glycolic Acid, Sodium Hydroxide, Centella Asiatica Extract, Allantoin",1,1,1,1,1,5,Yes
Face Mask,BELIF,BELIF Sheet Mask Hydrating #1041,92.3,3.9,"Water, Ascorbic Acid, Ferulic Acid, Panthenol, Xanthan Gum, Citric Acid, Disodium EDTA",1,1,1,0,1,4,No
Cleanser,LANCÔME,LANCÔME Superfood Antioxidant Cleanser #1042,64.43,4.1,"Water, Butylene Glycol, Salicylic Acid, Camellia Sinensis Leaf Extract, Sodium Hyaluronate",0,0,1,0,1,2,No
Eye Cream,ESTÉE LAUDER,ESTÉE LAUDER Banana Bright Eye Crème #1043,61.35,4.1,"Water, Ascorbic Acid, Ferulic Acid, Panthenol, Xanthan Gum, Citric Acid, Disodium EDTA",1,1,1,1,0,4,No
Eye Cream,BIOSSANCE,BIOSSANCE Peptide Eye Complex #1044,74.22,4.4,"Water, Retinol, Ceramide NP, Cholesterol, Phytosphingosine, Phenoxyethanol, Ethylhexylglycerin",1,0,1,1,1,4,No
Face Mask,YOUTH TO THE PEOPLE,YOUTH TO THE PEOPLE Clay Detox Mask #1045,54.71,4.1,"Water, Glycerin, Dimethicone, Niacinamide, Hyaluronic Acid, Squalane, Tocopherol",1,1,1,1,1,5,Yes
Treatment,THE ORDINARY,THE ORDINARY Hyaluronic Acid 2% + B5 #1046,8.74,4.1,"Water, Lactic Acid, Glycolic Acid, Sodium Hydroxide, Centella Asiatica Extract, Allantoin",1,0,0,0,1,2,No
Face Mask,DRAUNK ELEPHANT,DRAUNK ELEPHANT Sheet Mask Hydrating #1047,44.2,3.8,"Water, Ascorbic Acid, Ferulic Acid, Panthenol, Xanthan Gum, Citric Acid, Disodium EDTA",1,1,1,1,0,4,No
Sun Protect,ORIGINS,ORIGINS UV Clear Broad-Spectrum #1048,57.66,4.1,"Water, Retinol, Ceramide NP, Cholesterol, Phytosphingosine, Phenoxyethanol, Ethylhexylglycerin",1,1,1,1,0,4,No
Treatment,DRUNK ELEPHANT,DRUNK ELEPHANT Resurfacing Serum #1049,62.5,3.7,"Water, Butylene Glycol, Salicylic Acid, Camellia Sinensis Leaf Extract, Sodium Hyaluronate",1,1,1,0,1,4,No
Sun Protect,SK-II,SK-II UV Clear Broad-Spectrum #1050,121.17,4.5,"Water, Lactic Acid, Glycolic Acid, Sodium Hydroxide, Centella Asiatica Extract, Allantoin",1,1,1,1,0,4,No
Cleanser,KATE SOMERVILLE,KATE SOMERVILLE Foaming Facial Cleanser #1051,97.94,3.7,"Water, Butylene Glycol, Salicylic Acid, Camellia Sinensis Leaf Extract, Sodium Hyaluronate",1,0,0,0,0,1,No
Moisturizer,DRUNK ELEPHANT,DRUNK ELEPHANT Crème de la Mer #1052,88.94,4.2,"Water, Ascorbic Acid, Ferulic Acid, Panthenol, Xanthan Gum, Citric Acid, Disodium EDTA",0,1,1,0,0,2,No
Treatment,SK-II,SK-II BHA Liquid Exfoliant #1053,278.15,4.4,"Water, Glycerin, Dimethicone, Niacinamide, Hyaluronic Acid, Squalane, Tocopherol",1,1,0,1,0,3,No
Sun Protect,HERBIVORE,HERBIVORE Unseen Sunscreen SPF 40 #1054,30.58,4.2,"Water, Titanium Dioxide, Zinc Oxide, Caprylic/Capric Triglyceride, Silica, Iron Oxides",0,1,1,0,1,3,No
Sun Protect,YOUTH TO THE PEOPLE,YOUTH TO THE PEOPLE Mineral Mattescreen SPF 30 #1055,95.51,4.7,"Water, Lactic Acid, Glycolic Acid, Sodium Hydroxide, Centella Asiatica Extract, Allantoin",0,1,1,1,1,4,No
Cleanser,BELIF,BELIF Superfood Antioxidant Cleanser #1056,107.36,4.3,"Water, Retinol, Ceramide NP, Cholesterol, Phytosphingosine, Phenoxyethanol, Ethylhexylglycerin",1,1,1,0,1,4,No
Eye Cream,HERBIVORE,HERBIVORE Avocado Melt Retinol Eye Cream #1057,48.46,4.5,"Water, Ascorbic Acid, Ferulic Acid, Panthenol, Xanthan Gum, Citric Acid, Disodium EDTA",1,1,1,1,1,5,Yes
Treatment,KATE SOMERVILLE,KATE SOMERVILLE Good Genes All-In-One Lactic Acid #1058,62.9,4.3,"Water, Glycerin, Dimethicone, Niacinamide, Hyaluronic Acid, Squalane, Tocopherol",0,1,0,1,1,3,No
Eye Cream,BELIF,BELIF Peptide Eye Complex #1059,50.71,3.6,"Water, Titanium Dioxide, Zinc Oxide, Caprylic/Capric Triglyceride, Silica, Iron Oxides",1,1,1,0,1,4,No
Eye Cream,THE ORDINARY,THE ORDINARY Banana Bright Eye Crème #1060,9.12,4.3,"Water, Retinol, Ceramide NP, Cholesterol, Phytosphingosine, Phenoxyethanol, Ethylhexylglycerin",1,1,0,1,1,4,No
Treatment,IT COSMETICS,IT COSMETICS Retinol Reform #1061,27.14,4.4,"Water, Ascorbic Acid, Ferulic Acid, Panthenol, Xanthan Gum, Citric Acid, Disodium EDTA",0,1,1,0,1,3,No
Eye Cream,LANEIGE,LANEIGE Concentrate Eye Cream #1062,106.51,3.8,"Water, Retinol, Ceramide NP, Cholesterol, Phytosphingosine, Phenoxyethanol, Ethylhexylglycerin",0,1,1,1,1,4,No
Face Mask,CLINIQUE,CLINIQUE Charcoal Pore Minimizing Mask #1063,25.17,4.2,"Water, Glycerin, Dimethicone, Niacinamide, Hyaluronic Acid, Squalane, Tocopherol",1,1,0,1,1,4,No
Face Mask,LANEIGE,LANEIGE Water Sleeping Mask #1064,77.85,4.2,"Water, Butylene Glycol, Salicylic Acid, Camellia Sinensis Leaf Extract, Sodium Hyaluronate",0,1,1,1,1,4,No
Face Mask,CAUDALIE,CAUDALIE Sheet Mask Hydrating #1065,103.29,4.4,"Water, Ascorbic Acid, Ferulic Acid, Panthenol, Xanthan Gum, Citric Acid, Disodium EDTA",1,0,1,0,0,2,No
Eye Cream,ESTÉE LAUDER,ESTÉE LAUDER Lightful C Eye Cream #1066,105.87,4.0,"Water, Ascorbic Acid, Ferulic Acid, Panthenol, Xanthan Gum, Citric Acid, Disodium EDTA",1,1,0,0,0,2,No
Sun Protect,CLINIQUE,CLINIQUE Mineral Mattescreen SPF 30 #1067,69.1,4.6,"Water, Glycerin, Dimethicone, Niacinamide, Hyaluronic Acid, Squalane, Tocopherol",1,1,1,0,1,4,No
Moisturizer,LA MER,LA MER The True Cream Aqua Bomb #1068,298.42,3.7,"Water, Glycerin, Dimethicone, Niacinamide, Hyaluronic Acid, Squalane, Tocopherol",0,0,1,1,1,3,No
Eye Cream,FRESH,FRESH Banana Bright Eye Crème #1069,54.14,4.2,"Water, Butylene Glycol, Salicylic Acid, Camellia Sinensis Leaf Extract, Sodium Hyaluronate",1,1,1,1,0,4,No
Face Mask,FIRST AID BEAUTY,FIRST AID BEAUTY Superberry Hydrate + Glow Dream Mask #1070,77.71,4.0,"Water, Lactic Acid, Glycolic Acid, Sodium Hydroxide, Centella Asiatica Extract, Allantoin",1,1,1,1,0,4,No
Treatment,GLOW RECIPE,GLOW RECIPE Resurfacing Serum #1071,72.47,3.6,"Water, Ascorbic Acid, Ferulic Acid, Panthenol, Xanthan Gum, Citric Acid, Disodium EDTA",0,0,1,1,0,2,No
Cleanser,LA MER,LA MER Special Cleansing Gel #1072,381.84,3.5,"Water, Ascorbic Acid, Ferulic Acid, Panthenol, Xanthan Gum, Citric Acid, Disodium EDTA",1,1,1,1,1,5,Yes
Treatment,SUNDAY RILEY,SUNDAY RILEY Luna Sleeping Night Oil #1073,35.78,4.6,"Water, Retinol, Ceramide NP, Cholesterol, Phytosphingosine, Phenoxyethanol, Ethylhexylglycerin",0,0,1,1,0,2,No
Eye Cream,YOUTH TO THE PEOPLE,YOUTH TO THE PEOPLE Avocado Melt Retinol Eye Cream #1074,90.56,4.5,"Water, Lactic Acid, Glycolic Acid, Sodium Hydroxide, Centella Asiatica Extract, Allantoin",1,0,1,0,0,2,No
Sun Protect,HERBIVORE,HERBIVORE Hydro UV Defense SPF 50 #1075,36.29,4.1,"Water, Retinol, Ceramide NP, Cholesterol, Phytosphingosine, Phenoxyethanol, Ethylhexylglycerin",0,0,1,1,0,2,No
Cleanser,SK-II,SK-II Kalie Squalane Cleanser #1076,343.06,4.6,"Water, Lactic Acid, Glycolic Acid, Sodium Hydroxide, Centella Asiatica Extract, Allantoin",0,1,1,1,0,3,No
Cleanser,LA MER,LA MER Special Cleansing Gel #1077,223.2,4.2,"Water, Glycerin, Dimethicone, Niacinamide, Hyaluronic Acid, Squalane, Tocopherol",1,0,1,1,0,3,No
Eye Cream,LA MER,LA MER Lightful C Eye Cream #1078,174.18,4.4,"Water, Titanium Dioxide, Zinc Oxide, Caprylic/Capric Triglyceride, Silica, Iron Oxides",0,1,1,1,0,3,No
Sun Protect,TATCHA,TATCHA Defense Refresh Setting Mist #1079,333.76,4.7,"Water, Retinol, Ceramide NP, Cholesterol, Phytosphingosine, Phenoxyethanol, Ethylhexylglycerin",0,1,1,1,1,4,No
Moisturizer,MURAD,MURAD Crème de la Mer #1080,76.71,4.5,"Water, Titanium Dioxide, Zinc Oxide, Caprylic/Capric Triglyceride, Silica, Iron Oxides",1,1,1,1,1,5,Yes
Moisturizer,SUPERGOOP!,SUPERGOOP! Crème de la Mer #1081,51.02,4.7,"Water, Lactic Acid, Glycolic Acid, Sodium Hydroxide, Centella Asiatica Extract, Allantoin",1,1,1,1,0,4,No
Eye Cream,MURAD,MURAD Lightful C Eye Cream #1082,25.22,4.4,"Water, Retinol, Ceramide NP, Cholesterol, Phytosphingosine, Phenoxyethanol, Ethylhexylglycerin",1,1,1,0,0,3,No
Moisturizer,GLOW RECIPE,GLOW RECIPE Honeymoon Glow AHA #1083,27.83,4.3,"Water, Titanium Dioxide, Zinc Oxide, Caprylic/Capric Triglyceride, Silica, Iron Oxides",0,1,1,1,0,3,No
Eye Cream,OLEHENRIKSEN,OLEHENRIKSEN Banana Bright Eye Crème #1084,53.36,4.3,"Water, Titanium Dioxide, Zinc Oxide, Caprylic/Capric Triglyceride, Silica, Iron Oxides",1,1,1,1,1,5,Yes
Cleanser,KIEHL'S SINCE 1851,KIEHL'S SINCE 1851 Gentle Skin Cleanser #1085,51.31,4.3,"Water, Glycerin, Dimethicone, Niacinamide, Hyaluronic Acid, Squalane, Tocopherol",1,1,1,1,1,5,Yes
Moisturizer,THE ORDINARY,THE ORDINARY The True Cream Aqua Bomb #1086,19.56,4.4,"Water, Butylene Glycol, Salicylic Acid, Camellia Sinensis Leaf Extract, Sodium Hyaluronate",1,0,1,1,0,3,No
Cleanser,HERBIVORE,HERBIVORE Gentle Skin Cleanser #1087,72.59,4.0,"Water, Butylene Glycol, Salicylic Acid, Camellia Sinensis Leaf Extract, Sodium Hyaluronate",1,1,1,1,0,4,No
Sun Protect,SUPERGOOP!,SUPERGOOP! City Sunscreen Serum #1088,31.95,3.9,"Water, Lactic Acid, Glycolic Acid, Sodium Hydroxide, Centella Asiatica Extract, Allantoin",1,1,1,1,1,5,Yes
Cleanser,KATE SOMERVILLE,KATE SOMERVILLE Special Cleansing Gel #1089,109.46,4.1,"Water, Titanium Dioxide, Zinc Oxide, Caprylic/Capric Triglyceride, Silica, Iron Oxides",1,1,1,1,1,5,Yes
Eye Cream,ESTÉE LAUDER,ESTÉE LAUDER Concentrate Eye Cream #1090,42.77,3.8,"Water, Glycerin, Dimethicone, Niacinamide, Hyaluronic Acid, Squalane, Tocopherol",1,1,1,1,0,4,No
Treatment,BIOSSANCE,BIOSSANCE Luna Sleeping Night Oil #1091,51.72,3.6,"Water, Lactic Acid, Glycolic Acid, Sodium Hydroxide, Centella Asiatica Extract, Allantoin",1,1,0,1,0,3,No
Treatment,BELIF,BELIF Retinol Reform #1092,102.53,3.9,"Water, Retinol, Ceramide NP, Cholesterol, Phytosphingosine, Phenoxyethanol, Ethylhexylglycerin",1,1,0,1,1,4,No
Sun Protect,YOUTH TO THE PEOPLE,YOUTH TO THE PEOPLE UV Clear Broad-Spectrum #1093,95.73,3.8,"Water, Lactic Acid, Glycolic Acid, Sodium Hydroxide, Centella Asiatica Extract, Allantoin",1,1,0,1,1,4,No
Cleanser,TULA,TULA Green Clean Makeup Mending Cleansing Balm #1094,60.2,4.6,"Water, Ascorbic Acid, Ferulic Acid, Panthenol, Xanthan Gum, Citric Acid, Disodium EDTA",0,1,1,0,0,2,No
Eye Cream,KORA ORGANICS,KORA ORGANICS Autocorrect Brightening Eye Cream #1095,105.83,4.3,"Water, Butylene Glycol, Salicylic Acid, Camellia Sinensis Leaf Extract, Sodium Hyaluronate",1,0,1,1,0,3,No
Cleanser,OLEHENRIKSEN,OLEHENRIKSEN Micellar Cleansing Water #1096,58.06,4.1,"Water, Titanium Dioxide, Zinc Oxide, Caprylic/Capric Triglyceride, Silica, Iron Oxides",1,1,1,1,0,4,No
Moisturizer,GLOW RECIPE,GLOW RECIPE Ultra Facial Cream #1097,97.77,4.1,"Water, Titanium Dioxide, Zinc Oxide, Caprylic/Capric Triglyceride, Silica, Iron Oxides",1,1,1,1,1,5,Yes
Cleanser,OLEHENRIKSEN,OLEHENRIKSEN Green Clean Makeup Mending Cleansing Balm #1098,64.49,4.4,"Water, Titanium Dioxide, Zinc Oxide, Caprylic/Capric Triglyceride, Silica, Iron Oxides",1,1,0,1,0,3,No
Moisturizer,BIOSSANCE,BIOSSANCE Protini Polypeptide Cream #1099,51.38,4.8,"Water, Retinol, Ceramide NP, Cholesterol, Phytosphingosine, Phenoxyethanol, Ethylhexylglycerin",1,0,0,1,1,3,No
Treatment,LANEIGE,LANEIGE Luna Sleeping Night Oil #1100,43.07,4.3,"Water, Butylene Glycol, Salicylic Acid, Camellia Sinensis Leaf Extract, Sodium Hyaluronate",1,0,1,1,1,4,No
Moisturizer,PAULA'S CHOICE,PAULA'S CHOICE Protini Polypeptide Cream #1101,67.0,3.5,"Water, Lactic Acid, Glycolic Acid, Sodium Hydroxide, Centella Asiatica Extract, Allantoin",0,1,1,1,0,3,No
Face Mask,SEPHORA COLLECTION,SEPHORA COLLECTION Superberry Hydrate + Glow Dream Mask #1102,11.67,4.4,"Water, Retinol, Ceramide NP, Cholesterol, Phytosphingosine, Phenoxyethanol, Ethylhexylglycerin",1,0,0,0,0,1,No
Face Mask,KORA ORGANICS,KORA ORGANICS Charcoal Pore Minimizing Mask #1103,33.15,4.6,"Water, Lactic Acid, Glycolic Acid, Sodium Hydroxide, Centella Asiatica Extract, Allantoin",1,1,1,0,0,3,No
Cleanser,TULA,TULA Foaming Facial Cleanser #1104,83.02,3.4,"Water, Titanium Dioxide, Zinc Oxide, Caprylic/Capric Triglyceride, Silica, Iron Oxides",0,1,1,1,1,4,No
Treatment,FARMACY,FARMACY Niacinamide 10% + Zinc 1% #1105,67.18,4.6,"Water, Titanium Dioxide, Zinc Oxide, Caprylic/Capric Triglyceride, Silica, Iron Oxides",1,0,1,0,1,3,No
Eye Cream,BIOSSANCE,BIOSSANCE Peptide Eye Complex #1106,30.88,3.4,"Water, Titanium Dioxide, Zinc Oxide, Caprylic/Capric Triglyceride, Silica, Iron Oxides",1,1,0,1,1,4,No
Face Mask,CAUDALIE,CAUDALIE Jet Lag Mask #1107,34.45,4.1,"Water, Lactic Acid, Glycolic Acid, Sodium Hydroxide, Centella Asiatica Extract, Allantoin",1,0,1,1,0,3,No
Sun Protect,CAUDALIE,CAUDALIE Unseen Sunscreen SPF 40 #1108,70.68,3.7,"Water, Lactic Acid, Glycolic Acid, Sodium Hydroxide, Centella Asiatica Extract, Allantoin",0,1,0,1,0,2,No
Sun Protect,DRUNK ELEPHANT,DRUNK ELEPHANT Defense Refresh Setting Mist #1109,33.6,4.5,"Water, Ascorbic Acid, Ferulic Acid, Panthenol, Xanthan Gum, Citric Acid, Disodium EDTA",0,1,1,1,1,4,No
Cleanser,SEPHORA COLLECTION,SEPHORA COLLECTION Micellar Cleansing Water #1110,13.47,3.8,"Water, Retinol, Ceramide NP, Cholesterol, Phytosphingosine, Phenoxyethanol, Ethylhexylglycerin",1,1,1,1,0,4,No
Treatment,DRUNK ELEPHANT,DRUNK ELEPHANT Retinol Reform #1111,76.4,4.5,"Water, Glycerin, Dimethicone, Niacinamide, Hyaluronic Acid, Squalane, Tocopherol",0,1,1,1,1,4,No
Face Mask,SK-II,SK-II Water Sleeping Mask #1112,370.6,3.8,"Water, Titanium Dioxide, Zinc Oxide, Caprylic/Capric Triglyceride, Silica, Iron Oxides",1,1,1,0,0,3,No
Treatment,TULA,TULA BHA Liquid Exfoliant #1113,83.71,3.5,"Water, Ascorbic Acid, Ferulic Acid, Panthenol, Xanthan Gum, Citric Acid, Disodium EDTA",0,1,0,1,0,2,No
Treatment,TULA,TULA Luna Sleeping Night Oil #1114,76.0,4.8,"Water, Titanium Dioxide, Zinc Oxide, Caprylic/Capric Triglyceride, Silica, Iron Oxides",1,0,1,1,0,3,No
Moisturizer,DRAUNK ELEPHANT,DRAUNK ELEPHANT Protini Polypeptide Cream #1115,47.63,4.1,"Water, Titanium Dioxide, Zinc Oxide, Caprylic/Capric Triglyceride, Silica, Iron Oxides",1,1,1,0,1,4,No
Sun Protect,ORIGINS,ORIGINS Mineral Mattescreen SPF 30 #1116,29.48,3.8,"Water, Titanium Dioxide, Zinc Oxide, Caprylic/Capric Triglyceride, Silica, Iron Oxides",0,1,1,1,1,4,No
Eye Cream,LA MER,LA MER Concentrate Eye Cream #1117,193.77,3.9,"Water, Retinol, Ceramide NP, Cholesterol, Phytosphingosine, Phenoxyethanol, Ethylhexylglycerin",1,1,0,0,0,2,No
Sun Protect,BIOSSANCE,BIOSSANCE City Sunscreen Serum #1118,58.65,4.4,"Water, Ascorbic Acid, Ferulic Acid, Panthenol, Xanthan Gum, Citric Acid, Disodium EDTA",1,1,1,1,0,4,No
Sun Protect,KORA ORGANICS,KORA ORGANICS City Sunscreen Serum #1119,50.15,4.5,"Water, Retinol, Ceramide NP, Cholesterol, Phytosphingosine, Phenoxyethanol, Ethylhexylglycerin",0,1,1,0,0,2,No
Eye Cream,KORA ORGANICS,KORA ORGANICS Avocado Melt Retinol Eye Cream #1120,109.64,3.4,"Water, Lactic Acid, Glycolic Acid, Sodium Hydroxide, Centella Asiatica Extract, Allantoin",0,1,0,0,1,2,No
Eye Cream,FARMACY,FARMACY Banana Bright Eye Crème #1121,58.03,3.7,"Water, Glycerin, Dimethicone, Niacinamide, Hyaluronic Acid, Squalane, Tocopherol",1,1,1,1,1,5,Yes
Treatment,ESTÉE LAUDER,ESTÉE LAUDER Hyaluronic Acid 2% + B5 #1122,101.44,3.8,"Water, Lactic Acid, Glycolic Acid, Sodium Hydroxide, Centella Asiatica Extract, Allantoin",1,0,0,0,1,2,No
Face Mask,DERMALOGICA,DERMALOGICA Superberry Hydrate + Glow Dream Mask #1123,95.05,4.1,"Water, Butylene Glycol, Salicylic Acid, Camellia Sinensis Leaf Extract, Sodium Hyaluronate",0,0,1,1,1,3,No
Sun Protect,GLOW RECIPE,GLOW RECIPE Hydro UV Defense SPF 50 #1124,102.03,4.0,"Water, Titanium Dioxide, Zinc Oxide, Caprylic/Capric Triglyceride, Silica, Iron Oxides",0,1,0,0,1,2,No
Eye Cream,PAULA'S CHOICE,PAULA'S CHOICE Autocorrect Brightening Eye Cream #1125,76.43,4.2,"Water, Glycerin, Dimethicone, Niacinamide, Hyaluronic Acid, Squalane, Tocopherol",0,1,1,0,0,2,No
Eye Cream,MARIO BADESCU,MARIO BADESCU Peptide Eye Complex #1126,31.82,4.0,"Water, Titanium Dioxide, Zinc Oxide, Caprylic/Capric Triglyceride, Silica, Iron Oxides",0,1,1,1,0,3,No
Sun Protect,THE ORDINARY,THE ORDINARY Mineral Mattescreen SPF 30 #1127,14.08,4.5,"Water, Butylene Glycol, Salicylic Acid, Camellia Sinensis Leaf Extract, Sodium Hyaluronate",1,1,1,1,1,5,Yes
Cleanser,DERMALOGICA,DERMALOGICA Micellar Cleansing Water #1128,45.07,4.3,"Water, Butylene Glycol, Salicylic Acid, Camellia Sinensis Leaf Extract, Sodium Hyaluronate",1,1,1,1,0,4,No
Cleanser,DERMALOGICA,DERMALOGICA Green Clean Makeup Mending Cleansing Balm #1129,24.59,3.4,"Water, Titanium Dioxide, Zinc Oxide, Caprylic/Capric Triglyceride, Silica, Iron Oxides",0,1,0,1,1,3,No
Treatment,KATE SOMERVILLE,KATE SOMERVILLE Good Genes All-In-One Lactic Acid #1130,85.56,4.3,"Water, Ascorbic Acid, Ferulic Acid, Panthenol, Xanthan Gum, Citric Acid, Disodium EDTA",1,1,0,1,0,3,No
Face Mask,DRUNK ELEPHANT,DRUNK ELEPHANT Superberry Hydrate + Glow Dream Mask #1131,58.35,4.8,"Water, Titanium Dioxide, Zinc Oxide, Caprylic/Capric Triglyceride, Silica, Iron Oxides",0,1,1,1,0,3,No
Treatment,FARMACY,FARMACY Retinol Reform #1132,55.52,4.4,"Water, Butylene Glycol, Salicylic Acid, Camellia Sinensis Leaf Extract, Sodium Hyaluronate",1,1,1,1,1,5,Yes
Treatment,SUNDAY RILEY,SUNDAY RILEY Niacinamide 10% + Zinc 1% #1133,101.33,4.1,"Water, Butylene Glycol, Salicylic Acid, Camellia Sinensis Leaf Extract, Sodium Hyaluronate",1,0,1,1,0,3,No
Face Mask,SHISEIDO,SHISEIDO Clay Detox Mask #1134,47.68,3.5,"Water, Butylene Glycol, Salicylic Acid, Camellia Sinensis Leaf Extract, Sodium Hyaluronate",1,0,1,0,0,2,No
Eye Cream,MURAD,MURAD Peptide Eye Complex #1135,49.04,4.8,"Water, Butylene Glycol, Salicylic Acid, Camellia Sinensis Leaf Extract, Sodium Hyaluronate",1,1,0,1,0,3,No
Sun Protect,CLINIQUE,CLINIQUE Mineral Mattescreen SPF 30 #1136,76.24,4.7,"Water, Lactic Acid, Glycolic Acid, Sodium Hydroxide, Centella Asiatica Extract, Allantoin",1,1,1,1,0,4,No
Eye Cream,LA MER,LA MER Concentrate Eye Cream #1137,200.61,4.2,"Water, Ascorbic Acid, Ferulic Acid, Panthenol, Xanthan Gum, Citric Acid, Disodium EDTA",0,1,1,1,0,3,No
Eye Cream,TULA,TULA Concentrate Eye Cream #1138,69.01,4.0,"Water, Retinol, Ceramide NP, Cholesterol, Phytosphingosine, Phenoxyethanol, Ethylhexylglycerin",1,1,1,1,1,5,Yes
Moisturizer,SUNDAY RILEY,SUNDAY RILEY Lala Retro Whipped Cream #1139,43.33,3.7,"Water, Butylene Glycol, Salicylic Acid, Camellia Sinensis Leaf Extract, Sodium Hyaluronate",1,1,1,1,1,5,Yes
Face Mask,LA MER,LA MER Charcoal Pore Minimizing Mask #1140,311.41,4.6,"Water, Ascorbic Acid, Ferulic Acid, Panthenol, Xanthan Gum, Citric Acid, Disodium EDTA",1,1,1,1,1,5,Yes
Sun Protect,BELIF,BELIF City Sunscreen Serum #1141,67.64,3.8,"Water, Ascorbic Acid, Ferulic Acid, Panthenol, Xanthan Gum, Citric Acid, Disodium EDTA",1,1,0,0,0,2,No
Treatment,GLOW RECIPE,GLOW RECIPE BHA Liquid Exfoliant #1142,43.64,4.5,"Water, Butylene Glycol, Salicylic Acid, Camellia Sinensis Leaf Extract, Sodium Hyaluronate",1,0,1,1,0,3,No
Sun Protect,SUNDAY RILEY,SUNDAY RILEY Mineral Mattescreen SPF 30 #1143,68.94,3.5,"Water, Butylene Glycol, Salicylic Acid, Camellia Sinensis Leaf Extract, Sodium Hyaluronate",1,1,0,1,1,4,No
Treatment,SUNDAY RILEY,SUNDAY RILEY BHA Liquid Exfoliant #1144,65.13,4.1,"Water, Retinol, Ceramide NP, Cholesterol, Phytosphingosine, Phenoxyethanol, Ethylhexylglycerin",1,1,1,1,0,4,No
Eye Cream,LA MER,LA MER Lightful C Eye Cream #1145,219.63,4.8,"Water, Titanium Dioxide, Zinc Oxide, Caprylic/Capric Triglyceride, Silica, Iron Oxides",0,1,0,1,0,2,No
Face Mask,HERBIVORE,HERBIVORE Babyfacial AHA/BHA Mask #1146,78.28,3.9,"Water, Retinol, Ceramide NP, Cholesterol, Phytosphingosine, Phenoxyethanol, Ethylhexylglycerin",1,0,1,0,0,2,No
Treatment,TULA,TULA Resurfacing Serum #1147,77.83,3.6,"Water, Butylene Glycol, Salicylic Acid, Camellia Sinensis Leaf Extract, Sodium Hyaluronate",0,1,1,1,1,4,No
Cleanser,GLOW RECIPE,GLOW RECIPE Green Clean Makeup Mending Cleansing Balm #1148,89.4,4.4,"Water, Glycerin, Dimethicone, Niacinamide, Hyaluronic Acid, Squalane, Tocopherol",0,0,1,0,1,2,No
Cleanser,ESTÉE LAUDER,ESTÉE LAUDER Superfood Antioxidant Cleanser #1149,67.15,3.9,"Water, Ascorbic Acid, Ferulic Acid, Panthenol, Xanthan Gum, Citric Acid, Disodium EDTA",0,1,1,0,0,2,No
Treatment,FRESH,FRESH BHA Liquid Exfoliant #1150,89.91,4.6,"Water, Butylene Glycol, Salicylic Acid, Camellia Sinensis Leaf Extract, Sodium Hyaluronate",1,0,0,1,0,2,No
Cleanser,SHISEIDO,SHISEIDO Micellar Cleansing Water #1151,104.35,4.7,"Water, Lactic Acid, Glycolic Acid, Sodium Hydroxide, Centella Asiatica Extract, Allantoin",1,0,1,1,0,3,No
Face Mask,FIRST AID BEAUTY,FIRST AID BEAUTY Babyfacial AHA/BHA Mask #1152,72.44,4.5,"Water, Glycerin, Dimethicone, Niacinamide, Hyaluronic Acid, Squalane, Tocopherol",0,1,0,1,0,2,No
Face Mask,HERBIVORE,HERBIVORE Jet Lag Mask #1153,94.39,3.7,"Water, Titanium Dioxide, Zinc Oxide, Caprylic/Capric Triglyceride, Silica, Iron Oxides",1,0,1,1,0,3,No
Face Mask,BIOSSANCE,BIOSSANCE Superberry Hydrate + Glow Dream Mask #1154,71.99,4.5,"Water, Butylene Glycol, Salicylic Acid, Camellia Sinensis Leaf Extract, Sodium Hyaluronate",0,0,1,1,0,2,No
Cleanser,ORIGINS,ORIGINS Micellar Cleansing Water #1155,104.97,4.3,"Water, Glycerin, Dimethicone, Niacinamide, Hyaluronic Acid, Squalane, Tocopherol",0,1,1,1,1,4,No
Moisturizer,BELIF,BELIF Crème de la Mer #1156,79.01,3.8,"Water, Lactic Acid, Glycolic Acid, Sodium Hydroxide, Centella Asiatica Extract, Allantoin",0,0,1,1,0,2,No
Sun Protect,SUNDAY RILEY,SUNDAY RILEY City Sunscreen Serum #1157,108.04,4.5,"Water, Butylene Glycol, Salicylic Acid, Camellia Sinensis Leaf Extract, Sodium Hyaluronate",1,0,1,1,1,4,No
Cleanser,ORIGINS,ORIGINS Superfood Antioxidant Cleanser #1158,71.87,4.6,"Water, Titanium Dioxide, Zinc Oxide, Caprylic/Capric Triglyceride, Silica, Iron Oxides",1,1,1,1,0,4,No
Face Mask,ESTÉE LAUDER,ESTÉE LAUDER Water Sleeping Mask #1159,51.63,3.7,"Water, Lactic Acid, Glycolic Acid, Sodium Hydroxide, Centella Asiatica Extract, Allantoin",1,1,1,1,1,5,Yes
Cleanser,FARMACY,FARMACY Foaming Facial Cleanser #1160,60.75,4.6,"Water, Glycerin, Dimethicone, Niacinamide, Hyaluronic Acid, Squalane, Tocopherol",1,0,1,1,1,4,No
Eye Cream,ORIGINS,ORIGINS Lightful C Eye Cream #1161,66.31,4.3,"Water, Titanium Dioxide, Zinc Oxide, Caprylic/Capric Triglyceride, Silica, Iron Oxides",1,1,1,1,0,4,No
Eye Cream,KIEHL'S SINCE 1851,KIEHL'S SINCE 1851 Lightful C Eye Cream #1162,103.33,4.3,"Water, Butylene Glycol, Salicylic Acid, Camellia Sinensis Leaf Extract, Sodium Hyaluronate",1,1,1,1,1,5,Yes
Sun Protect,SEPHORA COLLECTION,SEPHORA COLLECTION Hydro UV Defense SPF 50 #1163,11.96,3.7,"Water, Ascorbic Acid, Ferulic Acid, Panthenol, Xanthan Gum, Citric Acid, Disodium EDTA",1,1,0,1,1,4,No
Eye Cream,CAUDALIE,CAUDALIE Banana Bright Eye Crème #1164,77.64,4.0,"Water, Glycerin, Dimethicone, Niacinamide, Hyaluronic Acid, Squalane, Tocopherol",1,0,0,0,0,1,No
Cleanser,ORIGINS,ORIGINS Micellar Cleansing Water #1165,80.21,3.7,"Water, Ascorbic Acid, Ferulic Acid, Panthenol, Xanthan Gum, Citric Acid, Disodium EDTA",1,1,1,0,0,3,No
Treatment,GLOW RECIPE,GLOW RECIPE Good Genes All-In-One Lactic Acid #1166,26.26,4.3,"Water, Glycerin, Dimethicone, Niacinamide, Hyaluronic Acid, Squalane, Tocopherol",1,0,1,1,0,3,No
Cleanser,ESTÉE LAUDER,ESTÉE LAUDER Special Cleansing Gel #1167,50.05,4.0,"Water, Lactic Acid, Glycolic Acid, Sodium Hydroxide, Centella Asiatica Extract, Allantoin",1,1,1,1,0,4,No
Face Mask,FARMACY,FARMACY Charcoal Pore Minimizing Mask #1168,105.53,3.4,"Water, Titanium Dioxide, Zinc Oxide, Caprylic/Capric Triglyceride, Silica, Iron Oxides",1,1,1,1,1,5,Yes
Face Mask,LANCÔME,LANCÔME Water Sleeping Mask #1169,90.3,4.3,"Water, Glycerin, Dimethicone, Niacinamide, Hyaluronic Acid, Squalane, Tocopherol",1,1,1,0,0,3,No
Moisturizer,LANEIGE,LANEIGE Dewy Skin Cream #1170,54.82,4.9,"Water, Retinol, Ceramide NP, Cholesterol, Phytosphingosine, Phenoxyethanol, Ethylhexylglycerin",1,1,1,1,1,5,Yes
Treatment,TULA,TULA Good Genes All-In-One Lactic Acid #1171,105.26,3.4,"Water, Retinol, Ceramide NP, Cholesterol, Phytosphingosine, Phenoxyethanol, Ethylhexylglycerin",0,1,1,1,0,3,No
Treatment,SUNDAY RILEY,SUNDAY RILEY Hyaluronic Acid 2% + B5 #1172,105.35,4.4,"Water, Butylene Glycol, Salicylic Acid, Camellia Sinensis Leaf Extract, Sodium Hyaluronate",1,1,0,1,0,3,No
Sun Protect,ORIGINS,ORIGINS Unseen Sunscreen SPF 40 #1173,36.1,3.8,"Water, Ascorbic Acid, Ferulic Acid, Panthenol, Xanthan Gum, Citric Acid, Disodium EDTA",1,1,1,0,1,4,No
Moisturizer,TATCHA,TATCHA Dewy Skin Cream #1174,327.69,4.7,"Water, Titanium Dioxide, Zinc Oxide, Caprylic/Capric Triglyceride, Silica, Iron Oxides",1,0,0,0,1,2,No
Cleanser,GLOW RECIPE,GLOW RECIPE Gentle Skin Cleanser #1175,87.81,4.6,"Water, Butylene Glycol, Salicylic Acid, Camellia Sinensis Leaf Extract, Sodium Hyaluronate",1,1,1,1,1,5,Yes
Cleanser,FIRST AID BEAUTY,FIRST AID BEAUTY Foaming Facial Cleanser #1176,77.78,4.8,"Water, Lactic Acid, Glycolic Acid, Sodium Hydroxide, Centella Asiatica Extract, Allantoin",1,1,1,1,1,5,Yes
Face Mask,DRUNK ELEPHANT,DRUNK ELEPHANT Sheet Mask Hydrating #1177,98.99,4.8,"Water, Glycerin, Dimethicone, Niacinamide, Hyaluronic Acid, Squalane, Tocopherol",0,1,1,1,1,4,No
Treatment,PAULA'S CHOICE,PAULA'S CHOICE Good Genes All-In-One Lactic Acid #1178,60.11,3.5,"Water, Retinol, Ceramide NP, Cholesterol, Phytosphingosine, Phenoxyethanol, Ethylhexylglycerin",0,1,0,0,1,2,No
Treatment,MARIO BADESCU,MARIO BADESCU Niacinamide 10% + Zinc 1% #1179,101.36,3.8,"Water, Lactic Acid, Glycolic Acid, Sodium Hydroxide, Centella Asiatica Extract, Allantoin",1,1,0,1,0,3,No
Cleanser,PAULA'S CHOICE,PAULA'S CHOICE Gentle Skin Cleanser #1180,93.27,3.6,"Water, Titanium Dioxide, Zinc Oxide, Caprylic/Capric Triglyceride, Silica, Iron Oxides",1,1,0,1,1,4,No
Cleanser,PAULA'S CHOICE,PAULA'S CHOICE Superfood Antioxidant Cleanser #1181,39.88,4.4,"Water, Lactic Acid, Glycolic Acid, Sodium Hydroxide, Centella Asiatica Extract, Allantoin",0,0,1,1,1,3,No
Treatment,SEPHORA COLLECTION,SEPHORA COLLECTION Luna Sleeping Night Oil #1182,18.22,4.6,"Water, Titanium Dioxide, Zinc Oxide, Caprylic/Capric Triglyceride, Silica, Iron Oxides",1,1,1,1,0,4,No
Sun Protect,DRUNK ELEPHANT,DRUNK ELEPHANT Mineral Mattescreen SPF 30 #1183,37.92,3.9,"Water, Ascorbic Acid, Ferulic Acid, Panthenol, Xanthan Gum, Citric Acid, Disodium EDTA",0,1,1,0,1,3,No
Face Mask,ESTÉE LAUDER,ESTÉE LAUDER Babyfacial AHA/BHA Mask #1184,77.43,4.2,"Water, Glycerin, Dimethicone, Niacinamide, Hyaluronic Acid, Squalane, Tocopherol",1,0,1,0,0,2,No
Treatment,LANEIGE,LANEIGE Niacinamide 10% + Zinc 1% #1185,81.04,4.4,"Water, Lactic Acid, Glycolic Acid, Sodium Hydroxide, Centella Asiatica Extract, Allantoin",1,1,1,1,1,5,Yes
Eye Cream,CLINIQUE,CLINIQUE Banana Bright Eye Crème #1186,43.53,4.1,"Water, Glycerin, Dimethicone, Niacinamide, Hyaluronic Acid, Squalane, Tocopherol",1,0,1,1,0,3,No
Face Mask,KORA ORGANICS,KORA ORGANICS Clay Detox Mask #1187,108.65,3.5,"Water, Ascorbic Acid, Ferulic Acid, Panthenol, Xanthan Gum, Citric Acid, Disodium EDTA",1,1,1,0,0,3,No
Moisturizer,LANCÔME,LANCÔME Lala Retro Whipped Cream #1188,69.2,4.6,"Water, Ascorbic Acid, Ferulic Acid, Panthenol, Xanthan Gum, Citric Acid, Disodium EDTA",1,0,1,0,0,2,No
Cleanser,BELIF,BELIF Gentle Skin Cleanser #1189,78.6,4.7,"Water, Butylene Glycol, Salicylic Acid, Camellia Sinensis Leaf Extract, Sodium Hyaluronate",1,1,1,1,1,5,Yes
Face Mask,CAUDALIE,CAUDALIE Babyfacial AHA/BHA Mask #1190,101.48,4.9,"Water, Retinol, Ceramide NP, Cholesterol, Phytosphingosine, Phenoxyethanol, Ethylhexylglycerin",0,0,1,1,1,3,No
Moisturizer,SHISEIDO,SHISEIDO C-Firma Fresh Day Serum #1191,81.46,3.7,"Water, Titanium Dioxide, Zinc Oxide, Caprylic/Capric Triglyceride, Silica, Iron Oxides",1,1,0,0,0,2,No
Face Mask,FRESH,FRESH Charcoal Pore Minimizing Mask #1192,107.6,4.9,"Water, Butylene Glycol, Salicylic Acid, Camellia Sinensis Leaf Extract, Sodium Hyaluronate",0,1,0,1,0,2,No
Cleanser,OLEHENRIKSEN,OLEHENRIKSEN Green Clean Makeup Mending Cleansing Balm #1193,43.46,4.8,"Water, Butylene Glycol, Salicylic Acid, Camellia Sinensis Leaf Extract, Sodium Hyaluronate",0,1,1,0,1,3,No
Cleanser,HERBIVORE,HERBIVORE Kalie Squalane Cleanser #1194,24.93,3.6,"Water, Lactic Acid, Glycolic Acid, Sodium Hydroxide, Centella Asiatica Extract, Allantoin",1,1,1,1,0,4,No
Moisturizer,KATE SOMERVILLE,KATE SOMERVILLE Dewy Skin Cream #1195,63.08,3.5,"Water, Titanium Dioxide, Zinc Oxide, Caprylic/Capric Triglyceride, Silica, Iron Oxides",1,0,1,1,0,3,No
Moisturizer,DERMALOGICA,DERMALOGICA Midnight Recovery Concentrate #1196,74.31,4.7,"Water, Titanium Dioxide, Zinc Oxide, Caprylic/Capric Triglyceride, Silica, Iron Oxides",0,0,1,1,1,3,No
Sun Protect,MURAD,MURAD Mineral Mattescreen SPF 30 #1197,98.77,4.4,"Water, Titanium Dioxide, Zinc Oxide, Caprylic/Capric Triglyceride, Silica, Iron Oxides",0,1,1,1,0,3,No
Sun Protect,HERBIVORE,HERBIVORE City Sunscreen Serum #1198,79.06,3.9,"Water, Titanium Dioxide, Zinc Oxide, Caprylic/Capric Triglyceride, Silica, Iron Oxides",1,0,1,1,1,4,No
Sun Protect,LANEIGE,LANEIGE Mineral Mattescreen SPF 30 #1199,74.38,3.7,"Water, Retinol, Ceramide NP, Cholesterol, Phytosphingosine, Phenoxyethanol, Ethylhexylglycerin",1,1,0,1,1,4,No
Moisturizer,BELIF,BELIF Dewy Skin Cream #1200,96.09,4.4,"Water, Glycerin, Dimethicone, Niacinamide, Hyaluronic Acid, Squalane, Tocopherol",1,1,1,1,1,5,Yes
Face Mask,DRUNK ELEPHANT,DRUNK ELEPHANT Superberry Hydrate + Glow Dream Mask #1201,79.65,4.1,"Water, Retinol, Ceramide NP, Cholesterol, Phytosphingosine, Phenoxyethanol, Ethylhexylglycerin",1,1,0,1,0,3,No
Eye Cream,GLOW RECIPE,GLOW RECIPE Banana Bright Eye Crème #1202,78.22,3.9,"Water, Lactic Acid, Glycolic Acid, Sodium Hydroxide, Centella Asiatica Extract, Allantoin",0,1,0,1,0,2,No
Sun Protect,OLEHENRIKSEN,OLEHENRIKSEN City Sunscreen Serum #1203,107.73,3.8,"Water, Retinol, Ceramide NP, Cholesterol, Phytosphingosine, Phenoxyethanol, Ethylhexylglycerin",1,0,0,1,0,2,No
Cleanser,ORIGINS,ORIGINS Foaming Facial Cleanser #1204,88.79,4.6,"Water, Butylene Glycol, Salicylic Acid, Camellia Sinensis Leaf Extract, Sodium Hyaluronate",0,1,1,1,0,3,No
Treatment,FIRST AID BEAUTY,FIRST AID BEAUTY Good Genes All-In-One Lactic Acid #1205,102.62,3.5,"Water, Retinol, Ceramide NP, Cholesterol, Phytosphingosine, Phenoxyethanol, Ethylhexylglycerin",1,1,1,1,0,4,No
Treatment,LANEIGE,LANEIGE Vitamin C Brightening Serum #1206,52.98,4.1,"Water, Lactic Acid, Glycolic Acid, Sodium Hydroxide, Centella Asiatica Extract, Allantoin",1,1,1,1,1,5,Yes
Cleanser,FIRST AID BEAUTY,FIRST AID BEAUTY Superfood Antioxidant Cleanser #1207,89.08,4.2,"Water, Retinol, Ceramide NP, Cholesterol, Phytosphingosine, Phenoxyethanol, Ethylhexylglycerin",1,1,1,1,1,5,Yes
Treatment,SEPHORA COLLECTION,SEPHORA COLLECTION Vitamin C Brightening Serum #1208,14.99,4.0,"Water, Retinol, Ceramide NP, Cholesterol, Phytosphingosine, Phenoxyethanol, Ethylhexylglycerin",1,0,1,1,0,3,No
Face Mask,DRUNK ELEPHANT,DRUNK ELEPHANT Water Sleeping Mask #1209,71.13,4.4,"Water, Lactic Acid, Glycolic Acid, Sodium Hydroxide, Centella Asiatica Extract, Allantoin",1,1,1,0,0,3,No
Cleanser,SUPERGOOP!,SUPERGOOP! Special Cleansing Gel #1210,36.5,3.8,"Water, Glycerin, Dimethicone, Niacinamide, Hyaluronic Acid, Squalane, Tocopherol",0,1,0,0,1,2,No
Cleanser,KORA ORGANICS,KORA ORGANICS Foaming Facial Cleanser #1211,77.94,4.7,"Water, Retinol, Ceramide NP, Cholesterol, Phytosphingosine, Phenoxyethanol, Ethylhexylglycerin",1,0,1,1,0,3,No
Treatment,THE ORDINARY,THE ORDINARY Vitamin C Brightening Serum #1212,15.11,3.5,"Water, Titanium Dioxide, Zinc Oxide, Caprylic/Capric Triglyceride, Silica, Iron Oxides",1,0,1,0,1,3,No
Eye Cream,MARIO BADESCU,MARIO BADESCU Lightful C Eye Cream #1213,50.96,4.6,"Water, Ascorbic Acid, Ferulic Acid, Panthenol, Xanthan Gum, Citric Acid, Disodium EDTA",1,0,1,1,0,3,No
Eye Cream,TATCHA,TATCHA Avocado Melt Retinol Eye Cream #1214,274.45,4.1,"Water, Retinol, Ceramide NP, Cholesterol, Phytosphingosine, Phenoxyethanol, Ethylhexylglycerin",1,1,1,1,1,5,Yes
Treatment,MARIO BADESCU,MARIO BADESCU Retinol Reform #1215,29.48,3.9,"Water, Titanium Dioxide, Zinc Oxide, Caprylic/Capric Triglyceride, Silica, Iron Oxides",1,0,1,1,1,4,No
Sun Protect,CLINIQUE,CLINIQUE UV Clear Broad-Spectrum #1216,42.51,4.1,"Water, Ascorbic Acid, Ferulic Acid, Panthenol, Xanthan Gum, Citric Acid, Disodium EDTA",1,0,1,1,0,3,No
Eye Cream,ORIGINS,ORIGINS Banana Bright Eye Crème #1217,107.5,3.5,"Water, Lactic Acid, Glycolic Acid, Sodium Hydroxide, Centella Asiatica Extract, Allantoin",1,1,1,1,0,4,No
Sun Protect,LANCÔME,LANCÔME Mineral Mattescreen SPF 30 #1218,108.26,4.6,"Water, Butylene Glycol, Salicylic Acid, Camellia Sinensis Leaf Extract, Sodium Hyaluronate",1,1,0,1,0,3,No
Moisturizer,BELIF,BELIF Midnight Recovery Concentrate #1219,73.36,4.8,"Water, Retinol, Ceramide NP, Cholesterol, Phytosphingosine, Phenoxyethanol, Ethylhexylglycerin",0,1,0,0,0,1,No
Cleanser,BELIF,BELIF Superfood Antioxidant Cleanser #1220,54.54,4.5,"Water, Lactic Acid, Glycolic Acid, Sodium Hydroxide, Centella Asiatica Extract, Allantoin",0,1,1,1,1,4,No
Cleanser,PAULA'S CHOICE,PAULA'S CHOICE Kalie Squalane Cleanser #1221,108.76,4.3,"Water, Lactic Acid, Glycolic Acid, Sodium Hydroxide, Centella Asiatica Extract, Allantoin",0,1,1,1,1,4,No
Eye Cream,TATCHA,TATCHA Peptide Eye Complex #1222,203.21,3.7,"Water, Ascorbic Acid, Ferulic Acid, Panthenol, Xanthan Gum, Citric Acid, Disodium EDTA",1,1,1,1,0,4,No
Moisturizer,MURAD,MURAD The Water Cream #1223,106.19,3.7,"Water, Ascorbic Acid, Ferulic Acid, Panthenol, Xanthan Gum, Citric Acid, Disodium EDTA",0,1,1,1,1,4,No
Sun Protect,SEPHORA COLLECTION,SEPHORA COLLECTION Defense Refresh Setting Mist #1224,12.61,3.7,"Water, Retinol, Ceramide NP, Cholesterol, Phytosphingosine, Phenoxyethanol, Ethylhexylglycerin",1,1,0,1,1,4,No
Eye Cream,FARMACY,FARMACY Concentrate Eye Cream #1225,104.41,3.6,"Water, Titanium Dioxide, Zinc Oxide, Caprylic/Capric Triglyceride, Silica, Iron Oxides",1,1,1,1,0,4,No
Eye Cream,SEPHORA COLLECTION,SEPHORA COLLECTION Lightful C Eye Cream #1226,20.8,4.8,"Water, Titanium Dioxide, Zinc Oxide, Caprylic/Capric Triglyceride, Silica, Iron Oxides",0,1,1,1,0,3,No
Cleanser,MURAD,MURAD Gentle Skin Cleanser #1227,44.59,4.6,"Water, Butylene Glycol, Salicylic Acid, Camellia Sinensis Leaf Extract, Sodium Hyaluronate",0,1,1,1,1,4,No
Sun Protect,BELIF,BELIF Defense Refresh Setting Mist #1228,31.82,4.4,"Water, Ascorbic Acid, Ferulic Acid, Panthenol, Xanthan Gum, Citric Acid, Disodium EDTA",0,1,1,1,0,3,No
Face Mask,LANCÔME,LANCÔME Superberry Hydrate + Glow Dream Mask #1229,105.21,4.0,"Water, Retinol, Ceramide NP, Cholesterol, Phytosphingosine, Phenoxyethanol, Ethylhexylglycerin",0,1,0,1,1,3,No
Moisturizer,ORIGINS,ORIGINS C-Firma Fresh Day Serum #1230,65.63,4.0,"Water, Retinol, Ceramide NP, Cholesterol, Phytosphingosine, Phenoxyethanol, Ethylhexylglycerin",1,1,1,0,1,4,No
Treatment,KATE SOMERVILLE,KATE SOMERVILLE Retinol Reform #1231,79.12,4.5,"Water, Ascorbic Acid, Ferulic Acid, Panthenol, Xanthan Gum, Citric Acid, Disodium EDTA",1,1,1,1,0,4,No
Treatment,KATE SOMERVILLE,KATE SOMERVILLE Luna Sleeping Night Oil #1232,94.84,4.4,"Water, Retinol, Ceramide NP, Cholesterol, Phytosphingosine, Phenoxyethanol, Ethylhexylglycerin",1,0,1,0,1,3,No
Face Mask,GLOW RECIPE,GLOW RECIPE Water Sleeping Mask #1233,85.27,3.5,"Water, Butylene Glycol, Salicylic Acid, Camellia Sinensis Leaf Extract, Sodium Hyaluronate",0,1,1,1,1,4,No
Cleanser,FARMACY,FARMACY Superfood Antioxidant Cleanser #1234,24.41,3.8,"Water, Lactic Acid, Glycolic Acid, Sodium Hydroxide, Centella Asiatica Extract, Allantoin",1,1,1,1,1,5,Yes
Moisturizer,SEPHORA COLLECTION,SEPHORA COLLECTION Protini Polypeptide Cream #1235,15.98,4.3,"Water, Lactic Acid, Glycolic Acid, Sodium Hydroxide, Centella Asiatica Extract, Allantoin",0,0,1,1,1,3,No
Sun Protect,LA MER,LA MER UV Clear Broad-Spectrum #1236,333.83,4.0,"Water, Butylene Glycol, Salicylic Acid, Camellia Sinensis Leaf Extract, Sodium Hyaluronate",0,0,1,1,1,3,No
Sun Protect,SUPERGOOP!,SUPERGOOP! Mineral Mattescreen SPF 30 #1237,81.01,3.7,"Water, Titanium Dioxide, Zinc Oxide, Caprylic/Capric Triglyceride, Silica, Iron Oxides",1,1,1,1,1,5,Yes
Cleanser,KATE SOMERVILLE,KATE SOMERVILLE Kalie Squalane Cleanser #1238,38.39,4.5,"Water, Titanium Dioxide, Zinc Oxide, Caprylic/Capric Triglyceride, Silica, Iron Oxides",0,0,1,1,0,2,No
Moisturizer,FARMACY,FARMACY Midnight Recovery Concentrate #1239,94.77,4.7,"Water, Glycerin, Dimethicone, Niacinamide, Hyaluronic Acid, Squalane, Tocopherol",0,1,1,1,1,4,No
Face Mask,BELIF,BELIF Jet Lag Mask #1240,43.66,4.6,"Water, Butylene Glycol, Salicylic Acid, Camellia Sinensis Leaf Extract, Sodium Hyaluronate",1,1,1,1,0,4,No
Face Mask,SEPHORA COLLECTION,SEPHORA COLLECTION Babyfacial AHA/BHA Mask #1241,15.96,3.5,"Water, Ascorbic Acid, Ferulic Acid, Panthenol, Xanthan Gum, Citric Acid, Disodium EDTA",1,1,1,1,1,5,Yes
Cleanser,IT COSMETICS,IT COSMETICS Superfood Antioxidant Cleanser #1242,103.28,3.9,"Water, Butylene Glycol, Salicylic Acid, Camellia Sinensis Leaf Extract, Sodium Hyaluronate",1,1,0,0,0,2,No
Eye Cream,SUNDAY RILEY,SUNDAY RILEY Autocorrect Brightening Eye Cream #1243,39.82,3.7,"Water, Titanium Dioxide, Zinc Oxide, Caprylic/Capric Triglyceride, Silica, Iron Oxides",0,1,0,1,0,2,No
Eye Cream,KORA ORGANICS,KORA ORGANICS Concentrate Eye Cream #1244,71.89,3.6,"Water, Lactic Acid, Glycolic Acid, Sodium Hydroxide, Centella Asiatica Extract, Allantoin",1,1,1,1,1,5,Yes
Eye Cream,FRESH,FRESH Peptide Eye Complex #1245,104.22,4.0,"Water, Butylene Glycol, Salicylic Acid, Camellia Sinensis Leaf Extract, Sodium Hyaluronate",1,1,1,1,1,5,Yes
Eye Cream,TATCHA,TATCHA Avocado Melt Retinol Eye Cream #1246,317.92,3.6,"Water, Butylene Glycol, Salicylic Acid, Camellia Sinensis Leaf Extract, Sodium Hyaluronate",1,1,1,1,1,5,Yes
Treatment,BIOSSANCE,BIOSSANCE Niacinamide 10% + Zinc 1% #1247,102.28,3.8,"Water, Retinol, Ceramide NP, Cholesterol, Phytosphingosine, Phenoxyethanol, Ethylhexylglycerin",1,0,0,1,0,2,No
Face Mask,KATE SOMERVILLE,KATE SOMERVILLE Superberry Hydrate + Glow Dream Mask #1248,43.25,3.8,"Water, Titanium Dioxide, Zinc Oxide, Caprylic/Capric Triglyceride, Silica, Iron Oxides",1,1,1,0,0,3,No
Sun Protect,SK-II,SK-II UV Clear Broad-Spectrum #1249,328.58,3.6,"Water, Retinol, Ceramide NP, Cholesterol, Phytosphingosine, Phenoxyethanol, Ethylhexylglycerin",0,1,0,0,0,1,No
Cleanser,YOUTH TO THE PEOPLE,YOUTH TO THE PEOPLE Foaming Facial Cleanser #1250,99.99,4.1,"Water, Retinol, Ceramide NP, Cholesterol, Phytosphingosine, Phenoxyethanol, Ethylhexylglycerin",0,1,0,1,0,2,No
Treatment,YOUTH TO THE PEOPLE,YOUTH TO THE PEOPLE Retinol Reform #1251,86.2,3.7,"Water, Butylene Glycol, Salicylic Acid, Camellia Sinensis Leaf Extract, Sodium Hyaluronate",1,1,1,1,1,5,Yes
Treatment,FIRST AID BEAUTY,FIRST AID BEAUTY BHA Liquid Exfoliant #1252,57.78,4.1,"Water, Ascorbic Acid, Ferulic Acid, Panthenol, Xanthan Gum, Citric Acid, Disodium EDTA",0,0,0,1,0,1,No
Cleanser,IT COSMETICS,IT COSMETICS Gentle Skin Cleanser #1253,80.73,4.8,"Water, Retinol, Ceramide NP, Cholesterol, Phytosphingosine, Phenoxyethanol, Ethylhexylglycerin",1,1,1,0,1,4,No
Eye Cream,GLOW RECIPE,GLOW RECIPE Concentrate Eye Cream #1254,108.59,4.4,"Water, Butylene Glycol, Salicylic Acid, Camellia Sinensis Leaf Extract, Sodium Hyaluronate",0,1,1,1,0,3,No
Face Mask,THE ORDINARY,THE ORDINARY Charcoal Pore Minimizing Mask #1255,18.08,4.5,"Water, Retinol, Ceramide NP, Cholesterol, Phytosphingosine, Phenoxyethanol, Ethylhexylglycerin",1,1,1,1,1,5,Yes
Moisturizer,LA MER,LA MER Crème de la Mer #1256,191.14,3.5,"Water, Lactic Acid, Glycolic Acid, Sodium Hydroxide, Centella Asiatica Extract, Allantoin",1,1,1,1,1,5,Yes
Treatment,ORIGINS,ORIGINS Niacinamide 10% + Zinc 1% #1257,64.86,4.5,"Water, Lactic Acid, Glycolic Acid, Sodium Hydroxide, Centella Asiatica Extract, Allantoin",1,1,1,0,0,3,No
Face Mask,FARMACY,FARMACY Clay Detox Mask #1258,102.28,4.0,"Water, Ascorbic Acid, Ferulic Acid, Panthenol, Xanthan Gum, Citric Acid, Disodium EDTA",0,0,1,1,0,2,No
Face Mask,BELIF,BELIF Charcoal Pore Minimizing Mask #1259,27.39,4.7,"Water, Retinol, Ceramide NP, Cholesterol, Phytosphingosine, Phenoxyethanol, Ethylhexylglycerin",0,1,1,1,0,3,No
Face Mask,GLOW RECIPE,GLOW RECIPE Babyfacial AHA/BHA Mask #1260,100.88,4.9,"Water, Titanium Dioxide, Zinc Oxide, Caprylic/Capric Triglyceride, Silica, Iron Oxides",1,0,1,1,1,4,No
Cleanser,CLINIQUE,CLINIQUE Superfood Antioxidant Cleanser #1261,82.25,4.8,"Water, Glycerin, Dimethicone, Niacinamide, Hyaluronic Acid, Squalane, Tocopherol",1,0,1,1,0,3,No
Eye Cream,LANEIGE,LANEIGE Banana Bright Eye Crème #1262,77.48,4.3,"Water, Butylene Glycol, Salicylic Acid, Camellia Sinensis Leaf Extract, Sodium Hyaluronate",1,0,1,1,1,4,No
Face Mask,ORIGINS,ORIGINS Water Sleeping Mask #1263,28.47,3.8,"Water, Lactic Acid, Glycolic Acid, Sodium Hydroxide, Centella Asiatica Extract, Allantoin",1,1,0,1,1,4,No
Treatment,DERMALOGICA,DERMALOGICA Good Genes All-In-One Lactic Acid #1264,52.63,3.4,"Water, Ascorbic Acid, Ferulic Acid, Panthenol, Xanthan Gum, Citric Acid, Disodium EDTA",1,1,1,1,0,4,No
Face Mask,BIOSSANCE,BIOSSANCE Babyfacial AHA/BHA Mask #1265,27.09,4.4,"Water, Titanium Dioxide, Zinc Oxide, Caprylic/Capric Triglyceride, Silica, Iron Oxides",0,0,1,1,1,3,No
Sun Protect,IT COSMETICS,IT COSMETICS Mineral Mattescreen SPF 30 #1266,105.09,4.5,"Water, Ascorbic Acid, Ferulic Acid, Panthenol, Xanthan Gum, Citric Acid, Disodium EDTA",1,1,1,1,1,5,Yes
Face Mask,KIEHL'S SINCE 1851,KIEHL'S SINCE 1851 Charcoal Pore Minimizing Mask #1267,81.3,3.9,"Water, Ascorbic Acid, Ferulic Acid, Panthenol, Xanthan Gum, Citric Acid, Disodium EDTA",1,1,1,1,0,4,No
Moisturizer,GLOW RECIPE,GLOW RECIPE Lala Retro Whipped Cream #1268,29.59,4.3,"Water, Butylene Glycol, Salicylic Acid, Camellia Sinensis Leaf Extract, Sodium Hyaluronate",1,1,1,1,0,4,No
Eye Cream,SUNDAY RILEY,SUNDAY RILEY Autocorrect Brightening Eye Cream #1269,74.12,4.8,"Water, Retinol, Ceramide NP, Cholesterol, Phytosphingosine, Phenoxyethanol, Ethylhexylglycerin",1,1,1,1,0,4,No
Cleanser,KIEHL'S SINCE 1851,KIEHL'S SINCE 1851 Gentle Skin Cleanser #1270,31.89,4.8,"Water, Glycerin, Dimethicone, Niacinamide, Hyaluronic Acid, Squalane, Tocopherol",0,1,1,1,1,4,No
Face Mask,ORIGINS,ORIGINS Sheet Mask Hydrating #1271,69.52,4.1,"Water, Butylene Glycol, Salicylic Acid, Camellia Sinensis Leaf Extract, Sodium Hyaluronate",0,1,0,1,1,3,No
Face Mask,GLOW RECIPE,GLOW RECIPE Clay Detox Mask #1272,24.54,3.7,"Water, Butylene Glycol, Salicylic Acid, Camellia Sinensis Leaf Extract, Sodium Hyaluronate",1,1,1,1,1,5,Yes
Cleanser,GLOW RECIPE,GLOW RECIPE Kalie Squalane Cleanser #1273,89.04,3.7,"Water, Retinol, Ceramide NP, Cholesterol, Phytosphingosine, Phenoxyethanol, Ethylhexylglycerin",1,1,1,0,1,4,No
Treatment,OLEHENRIKSEN,OLEHENRIKSEN BHA Liquid Exfoliant #1274,69.63,4.4,"Water, Titanium Dioxide, Zinc Oxide, Caprylic/Capric Triglyceride, Silica, Iron Oxides",1,0,1,1,1,4,No
Moisturizer,LANEIGE,LANEIGE Lala Retro Whipped Cream #1275,101.63,3.5,"Water, Retinol, Ceramide NP, Cholesterol, Phytosphingosine, Phenoxyethanol, Ethylhexylglycerin",1,1,1,1,0,4,No
Eye Cream,MURAD,MURAD Peptide Eye Complex #1276,82.57,4.4,"Water, Glycerin, Dimethicone, Niacinamide, Hyaluronic Acid, Squalane, Tocopherol",1,0,0,1,1,3,No
Treatment,LANEIGE,LANEIGE Resurfacing Serum #1277,89.65,3.9,"Water, Titanium Dioxide, Zinc Oxide, Caprylic/Capric Triglyceride, Silica, Iron Oxides",1,1,1,1,0,4,No
Face Mask,DERMALOGICA,DERMALOGICA Babyfacial AHA/BHA Mask #1278,51.9,4.6,"Water, Retinol, Ceramide NP, Cholesterol, Phytosphingosine, Phenoxyethanol, Ethylhexylglycerin",0,1,0,0,0,1,No
Sun Protect,BIOSSANCE,BIOSSANCE UV Clear Broad-Spectrum #1279,105.67,4.7,"Water, Lactic Acid, Glycolic Acid, Sodium Hydroxide, Centella Asiatica Extract, Allantoin",0,1,0,1,1,3,No
Face Mask,GLOW RECIPE,GLOW RECIPE Water Sleeping Mask #1280,74.99,3.7,"Water, Glycerin, Dimethicone, Niacinamide, Hyaluronic Acid, Squalane, Tocopherol",1,1,0,0,0,2,No
Treatment,LANCÔME,LANCÔME Luna Sleeping Night Oil #1281,66.77,3.6,"Water, Ascorbic Acid, Ferulic Acid, Panthenol, Xanthan Gum, Citric Acid, Disodium EDTA",1,1,1,1,1,5,Yes
Face Mask,KORA ORGANICS,KORA ORGANICS Charcoal Pore Minimizing Mask #1282,37.74,4.9,"Water, Glycerin, Dimethicone, Niacinamide, Hyaluronic Acid, Squalane, Tocopherol",1,1,1,1,1,5,Yes
Eye Cream,CAUDALIE,CAUDALIE Autocorrect Brightening Eye Cream #1283,44.22,4.8,"Water, Butylene Glycol, Salicylic Acid, Camellia Sinensis Leaf Extract, Sodium Hyaluronate",0,1,1,1,0,3,No
Treatment,FIRST AID BEAUTY,FIRST AID BEAUTY Hyaluronic Acid 2% + B5 #1284,76.6,4.3,"Water, Ascorbic Acid, Ferulic Acid, Panthenol, Xanthan Gum, Citric Acid, Disodium EDTA",1,0,1,0,0,2,No
Eye Cream,MARIO BADESCU,MARIO BADESCU Banana Bright Eye Crème #1285,25.52,4.0,"Water, Butylene Glycol, Salicylic Acid, Camellia Sinensis Leaf Extract, Sodium Hyaluronate",1,0,1,1,1,4,No
Treatment,IT COSMETICS,IT COSMETICS Vitamin C Brightening Serum #1286,84.06,4.8,"Water, Lactic Acid, Glycolic Acid, Sodium Hydroxide, Centella Asiatica Extract, Allantoin",1,1,1,1,1,5,Yes
Moisturizer,ORIGINS,ORIGINS C-Firma Fresh Day Serum #1287,99.74,4.0,"Water, Butylene Glycol, Salicylic Acid, Camellia Sinensis Leaf Extract, Sodium Hyaluronate",1,1,0,1,0,3,No
Moisturizer,SUPERGOOP!,SUPERGOOP! Midnight Recovery Concentrate #1288,90.86,4.6,"Water, Lactic Acid, Glycolic Acid, Sodium Hydroxide, Centella Asiatica Extract, Allantoin",1,0,1,1,0,3,No
Cleanser,LA MER,LA MER Kalie Squalane Cleanser #1289,198.29,4.3,"Water, Ascorbic Acid, Ferulic Acid, Panthenol, Xanthan Gum, Citric Acid, Disodium EDTA",1,0,1,1,0,3,No
Eye Cream,KATE SOMERVILLE,KATE SOMERVILLE Autocorrect Brightening Eye Cream #1290,94.88,4.4,"Water, Ascorbic Acid, Ferulic Acid, Panthenol, Xanthan Gum, Citric Acid, Disodium EDTA",1,0,1,0,0,2,No
Cleanser,BIOSSANCE,BIOSSANCE Foaming Facial Cleanser #1291,84.26,4.7,"Water, Lactic Acid, Glycolic Acid, Sodium Hydroxide, Centella Asiatica Extract, Allantoin",1,1,1,1,1,5,Yes
Moisturizer,DRAUNK ELEPHANT,DRAUNK ELEPHANT The Water Cream #1292,55.7,4.6,"Water, Butylene Glycol, Salicylic Acid, Camellia Sinensis Leaf Extract, Sodium Hyaluronate",0,1,1,1,0,3,No
Moisturizer,HERBIVORE,HERBIVORE Honeymoon Glow AHA #1293,47.73,4.5,"Water, Retinol, Ceramide NP, Cholesterol, Phytosphingosine, Phenoxyethanol, Ethylhexylglycerin",1,1,1,1,1,5,Yes
Moisturizer,TATCHA,TATCHA Lala Retro Whipped Cream #1294,255.25,4.0,"Water, Lactic Acid, Glycolic Acid, Sodium Hydroxide, Centella Asiatica Extract, Allantoin",0,1,0,1,1,3,No
Cleanser,ORIGINS,ORIGINS Soy Face Cleanser #1295,79.35,3.9,"Water, Ascorbic Acid, Ferulic Acid, Panthenol, Xanthan Gum, Citric Acid, Disodium EDTA",1,1,1,1,1,5,Yes
Moisturizer,CLINIQUE,CLINIQUE Protini Polypeptide Cream #1296,32.79,3.6,"Water, Titanium Dioxide, Zinc Oxide, Caprylic/Capric Triglyceride, Silica, Iron Oxides",1,1,1,1,0,4,No
Moisturizer,DRAUNK ELEPHANT,DRAUNK ELEPHANT Lala Retro Whipped Cream #1297,88.57,4.1,"Water, Ascorbic Acid, Ferulic Acid, Panthenol, Xanthan Gum, Citric Acid, Disodium EDTA",1,1,0,0,1,3,No
Cleanser,SUPERGOOP!,SUPERGOOP! Gentle Skin Cleanser #1298,33.91,4.8,"Water, Lactic Acid, Glycolic Acid, Sodium Hydroxide, Centella Asiatica Extract, Allantoin",1,1,1,1,1,5,Yes
Sun Protect,PAULA'S CHOICE,PAULA'S CHOICE UV Clear Broad-Spectrum #1299,27.65,3.7,"Water, Butylene Glycol, Salicylic Acid, Camellia Sinensis Leaf Extract, Sodium Hyaluronate",1,1,1,1,1,5,Yes
Sun Protect,YOUTH TO THE PEOPLE,YOUTH TO THE PEOPLE Unseen Sunscreen SPF 40 #1300,67.88,3.8,"Water, Glycerin, Dimethicone, Niacinamide, Hyaluronic Acid, Squalane, Tocopherol",0,1,1,0,1,3,No
Cleanser,PAULA'S CHOICE,PAULA'S CHOICE Micellar Cleansing Water #1301,24.62,4.5,"Water, Ascorbic Acid, Ferulic Acid, Panthenol, Xanthan Gum, Citric Acid, Disodium EDTA",1,1,0,0,0,2,No
Eye Cream,LA MER,LA MER Peptide Eye Complex #1302,310.83,3.8,"Water, Ascorbic Acid, Ferulic Acid, Panthenol, Xanthan Gum, Citric Acid, Disodium EDTA",1,1,1,0,0,3,No
Treatment,LANCÔME,LANCÔME Vitamin C Brightening Serum #1303,101.22,4.0,"Water, Titanium Dioxide, Zinc Oxide, Caprylic/Capric Triglyceride, Silica, Iron Oxides",1,1,1,1,1,5,Yes
Cleanser,GLOW RECIPE,GLOW RECIPE Green Clean Makeup Mending Cleansing Balm #1304,27.58,4.6,"Water, Titanium Dioxide, Zinc Oxide, Caprylic/Capric Triglyceride, Silica, Iron Oxides",1,1,1,0,0,3,No
Treatment,DERMALOGICA,DERMALOGICA Luna Sleeping Night Oil #1305,79.71,3.7,"Water, Lactic Acid, Glycolic Acid, Sodium Hydroxide, Centella Asiatica Extract, Allantoin",1,1,1,1,0,4,No
Cleanser,IT COSMETICS,IT COSMETICS Special Cleansing Gel #1306,66.96,4.5,"Water, Titanium Dioxide, Zinc Oxide, Caprylic/Capric Triglyceride, Silica, Iron Oxides",1,1,0,0,1,3,No
Face Mask,CAUDALIE,CAUDALIE Charcoal Pore Minimizing Mask #1307,108.86,4.7,"Water, Butylene Glycol, Salicylic Acid, Camellia Sinensis Leaf Extract, Sodium Hyaluronate",1,1,1,1,1,5,Yes
Moisturizer,HERBIVORE,HERBIVORE Crème de la Mer #1308,50.1,4.0,"Water, Ascorbic Acid, Ferulic Acid, Panthenol, Xanthan Gum, Citric Acid, Disodium EDTA",1,1,1,1,0,4,No
Sun Protect,LANCÔME,LANCÔME UV Clear Broad-Spectrum #1309,87.8,4.0,"Water, Lactic Acid, Glycolic Acid, Sodium Hydroxide, Centella Asiatica Extract, Allantoin",0,1,1,1,1,4,No
Treatment,SEPHORA COLLECTION,SEPHORA COLLECTION Resurfacing Serum #1310,13.85,4.8,"Water, Butylene Glycol, Salicylic Acid, Camellia Sinensis Leaf Extract, Sodium Hyaluronate",1,1,0,0,1,3,No
Moisturizer,KIEHL'S SINCE 1851,KIEHL'S SINCE 1851 Ultra Facial Cream #1311,63.15,4.7,"Water, Titanium Dioxide, Zinc Oxide, Caprylic/Capric Triglyceride, Silica, Iron Oxides",1,0,1,1,1,4,No
Sun Protect,SEPHORA COLLECTION,SEPHORA COLLECTION Mineral Mattescreen SPF 30 #1312,7.98,4.4,"Water, Glycerin, Dimethicone, Niacinamide, Hyaluronic Acid, Squalane, Tocopherol",1,1,0,1,1,4,No
Cleanser,LA MER,LA MER Soy Face Cleanser #1313,285.42,4.8,"Water, Lactic Acid, Glycolic Acid, Sodium Hydroxide, Centella Asiatica Extract, Allantoin",1,1,1,1,1,5,Yes
Sun Protect,HERBIVORE,HERBIVORE Mineral Mattescreen SPF 30 #1314,44.19,4.1,"Water, Glycerin, Dimethicone, Niacinamide, Hyaluronic Acid, Squalane, Tocopherol",1,1,0,0,1,3,No
Treatment,MURAD,MURAD Good Genes All-In-One Lactic Acid #1315,75.43,4.1,"Water, Retinol, Ceramide NP, Cholesterol, Phytosphingosine, Phenoxyethanol, Ethylhexylglycerin",1,0,1,0,0,2,No
Sun Protect,OLEHENRIKSEN,OLEHENRIKSEN UV Clear Broad-Spectrum #1316,38.96,4.0,"Water, Retinol, Ceramide NP, Cholesterol, Phytosphingosine, Phenoxyethanol, Ethylhexylglycerin",1,0,1,1,1,4,No
Treatment,KORA ORGANICS,KORA ORGANICS Good Genes All-In-One Lactic Acid #1317,75.79,4.7,"Water, Lactic Acid, Glycolic Acid, Sodium Hydroxide, Centella Asiatica Extract, Allantoin",1,1,0,0,1,3,No
Treatment,TULA,TULA Retinol Reform #1318,75.5,4.2,"Water, Titanium Dioxide, Zinc Oxide, Caprylic/Capric Triglyceride, Silica, Iron Oxides",1,1,1,1,1,5,Yes
Face Mask,FARMACY,FARMACY Clay Detox Mask #1319,70.78,4.2,"Water, Ascorbic Acid, Ferulic Acid, Panthenol, Xanthan Gum, Citric Acid, Disodium EDTA",1,0,1,0,0,2,No
Face Mask,FARMACY,FARMACY Superberry Hydrate + Glow Dream Mask #1320,86.94,4.6,"Water, Ascorbic Acid, Ferulic Acid, Panthenol, Xanthan Gum, Citric Acid, Disodium EDTA",0,1,1,1,1,4,No
Sun Protect,BELIF,BELIF Mineral Mattescreen SPF 30 #1321,79.08,4.1,"Water, Titanium Dioxide, Zinc Oxide, Caprylic/Capric Triglyceride, Silica, Iron Oxides",1,1,1,1,0,4,No
Moisturizer,FIRST AID BEAUTY,FIRST AID BEAUTY Ultra Facial Cream #1322,89.0,3.9,"Water, Butylene Glycol, Salicylic Acid, Camellia Sinensis Leaf Extract, Sodium Hyaluronate",1,1,1,1,1,5,Yes
Treatment,FARMACY,FARMACY BHA Liquid Exfoliant #1323,39.97,4.6,"Water, Glycerin, Dimethicone, Niacinamide, Hyaluronic Acid, Squalane, Tocopherol",1,0,0,1,1,3,No
Treatment,YOUTH TO THE PEOPLE,YOUTH TO THE PEOPLE Luna Sleeping Night Oil #1324,84.01,3.9,"Water, Retinol, Ceramide NP, Cholesterol, Phytosphingosine, Phenoxyethanol, Ethylhexylglycerin",1,1,1,1,1,5,Yes
Sun Protect,DRUNK ELEPHANT,DRUNK ELEPHANT Hydro UV Defense SPF 50 #1325,66.25,3.4,"Water, Lactic Acid, Glycolic Acid, Sodium Hydroxide, Centella Asiatica Extract, Allantoin",1,1,1,1,1,5,Yes
Eye Cream,BELIF,BELIF Avocado Melt Retinol Eye Cream #1326,83.22,4.3,"Water, Lactic Acid, Glycolic Acid, Sodium Hydroxide, Centella Asiatica Extract, Allantoin",0,1,0,1,1,3,No
Moisturizer,MARIO BADESCU,MARIO BADESCU The True Cream Aqua Bomb #1327,70.76,3.5,"Water, Titanium Dioxide, Zinc Oxide, Caprylic/Capric Triglyceride, Silica, Iron Oxides",1,1,0,1,0,3,No
Eye Cream,MARIO BADESCU,MARIO BADESCU Banana Bright Eye Crème #1328,51.77,4.2,"Water, Titanium Dioxide, Zinc Oxide, Caprylic/Capric Triglyceride, Silica, Iron Oxides",0,1,0,1,1,3,No
Sun Protect,CLINIQUE,CLINIQUE Defense Refresh Setting Mist #1329,98.19,4.6,"Water, Ascorbic Acid, Ferulic Acid, Panthenol, Xanthan Gum, Citric Acid, Disodium EDTA",0,1,1,1,0,3,No
Sun Protect,BIOSSANCE,BIOSSANCE Defense Refresh Setting Mist #1330,80.22,3.5,"Water, Ascorbic Acid, Ferulic Acid, Panthenol, Xanthan Gum, Citric Acid, Disodium EDTA",1,1,1,1,0,4,No
Cleanser,DRUNK ELEPHANT,DRUNK ELEPHANT Superfood Antioxidant Cleanser #1331,75.7,4.0,"Water, Titanium Dioxide, Zinc Oxide, Caprylic/Capric Triglyceride, Silica, Iron Oxides",1,1,1,1,1,5,Yes
Cleanser,LA MER,LA MER Foaming Facial Cleanser #1332,319.96,4.6,"Water, Butylene Glycol, Salicylic Acid, Camellia Sinensis Leaf Extract, Sodium Hyaluronate",0,1,1,0,0,2,No
Treatment,LANEIGE,LANEIGE BHA Liquid Exfoliant #1333,85.39,4.6,"Water, Glycerin, Dimethicone, Niacinamide, Hyaluronic Acid, Squalane, Tocopherol",1,1,1,0,1,4,No
Face Mask,LANEIGE,LANEIGE Superberry Hydrate + Glow Dream Mask #1334,92.31,4.0,"Water, Titanium Dioxide, Zinc Oxide, Caprylic/Capric Triglyceride, Silica, Iron Oxides",1,1,0,1,1,4,No
Treatment,KORA ORGANICS,KORA ORGANICS Hyaluronic Acid 2% + B5 #1335,29.76,3.5,"Water, Titanium Dioxide, Zinc Oxide, Caprylic/Capric Triglyceride, Silica, Iron Oxides",1,1,0,0,0,2,No
Moisturizer,SK-II,SK-II Protini Polypeptide Cream #1336,120.05,3.7,"Water, Butylene Glycol, Salicylic Acid, Camellia Sinensis Leaf Extract, Sodium Hyaluronate",0,0,1,1,1,3,No
Sun Protect,GLOW RECIPE,GLOW RECIPE Defense Refresh Setting Mist #1337,59.54,4.2,"Water, Butylene Glycol, Salicylic Acid, Camellia Sinensis Leaf Extract, Sodium Hyaluronate",1,1,1,0,1,4,No
Moisturizer,MURAD,MURAD Crème de la Mer #1338,67.88,3.4,"Water, Ascorbic Acid, Ferulic Acid, Panthenol, Xanthan Gum, Citric Acid, Disodium EDTA",1,1,1,0,0,3,No
Cleanser,MARIO BADESCU,MARIO BADESCU Special Cleansing Gel #1339,40.23,4.1,"Water, Retinol, Ceramide NP, Cholesterol, Phytosphingosine, Phenoxyethanol, Ethylhexylglycerin",1,1,1,1,1,5,Yes
Cleanser,CLINIQUE,CLINIQUE Gentle Skin Cleanser #1340,98.06,3.5,"Water, Ascorbic Acid, Ferulic Acid, Panthenol, Xanthan Gum, Citric Acid, Disodium EDTA",1,1,1,1,0,4,No
Cleanser,SHISEIDO,SHISEIDO Foaming Facial Cleanser #1341,29.13,4.0,"Water, Lactic Acid, Glycolic Acid, Sodium Hydroxide, Centella Asiatica Extract, Allantoin",0,1,1,1,1,4,No
Face Mask,PAULA'S CHOICE,PAULA'S CHOICE Sheet Mask Hydrating #1342,102.05,4.1,"Water, Ascorbic Acid, Ferulic Acid, Panthenol, Xanthan Gum, Citric Acid, Disodium EDTA",0,1,1,1,1,4,No
Moisturizer,KORA ORGANICS,KORA ORGANICS Dewy Skin Cream #1343,26.66,3.5,"Water, Glycerin, Dimethicone, Niacinamide, Hyaluronic Acid, Squalane, Tocopherol",1,1,1,1,1,5,Yes
Treatment,DERMALOGICA,DERMALOGICA Vitamin C Brightening Serum #1344,50.1,4.2,"Water, Lactic Acid, Glycolic Acid, Sodium Hydroxide, Centella Asiatica Extract, Allantoin",1,1,0,1,0,3,No
Face Mask,IT COSMETICS,IT COSMETICS Jet Lag Mask #1345,83.46,4.9,"Water, Ascorbic Acid, Ferulic Acid, Panthenol, Xanthan Gum, Citric Acid, Disodium EDTA",1,0,1,1,0,3,No
Eye Cream,TULA,TULA Autocorrect Brightening Eye Cream #1346,50.92,4.8,"Water, Butylene Glycol, Salicylic Acid, Camellia Sinensis Leaf Extract, Sodium Hyaluronate",1,0,1,0,0,2,No
Eye Cream,DRAUNK ELEPHANT,DRAUNK ELEPHANT Concentrate Eye Cream #1347,46.7,4.0,"Water, Titanium Dioxide, Zinc Oxide, Caprylic/Capric Triglyceride, Silica, Iron Oxides",1,1,1,0,0,3,No
Sun Protect,KATE SOMERVILLE,KATE SOMERVILLE Defense Refresh Setting Mist #1348,51.62,4.6,"Water, Ascorbic Acid, Ferulic Acid, Panthenol, Xanthan Gum, Citric Acid, Disodium EDTA",1,1,1,0,0,3,No
Eye Cream,IT COSMETICS,IT COSMETICS Autocorrect Brightening Eye Cream #1349,100.31,4.6,"Water, Lactic Acid, Glycolic Acid, Sodium Hydroxide, Centella Asiatica Extract, Allantoin",1,1,0,1,1,4,No
Eye Cream,IT COSMETICS,IT COSMETICS Autocorrect Brightening Eye Cream #1350,45.91,3.5,"Water, Glycerin, Dimethicone, Niacinamide, Hyaluronic Acid, Squalane, Tocopherol",0,1,1,1,0,3,No
Treatment,LANEIGE,LANEIGE Niacinamide 10% + Zinc 1% #1351,104.39,4.2,"Water, Lactic Acid, Glycolic Acid, Sodium Hydroxide, Centella Asiatica Extract, Allantoin",0,1,1,1,1,4,No
Sun Protect,LANEIGE,LANEIGE Defense Refresh Setting Mist #1352,33.29,4.1,"Water, Lactic Acid, Glycolic Acid, Sodium Hydroxide, Centella Asiatica Extract, Allantoin",1,1,1,1,0,4,No
Moisturizer,DRUNK ELEPHANT,DRUNK ELEPHANT The Water Cream #1353,47.85,4.2,"Water, Lactic Acid, Glycolic Acid, Sodium Hydroxide, Centella Asiatica Extract, Allantoin",1,1,0,0,1,3,No
Sun Protect,TATCHA,TATCHA Unseen Sunscreen SPF 40 #1354,127.32,4.9,"Water, Titanium Dioxide, Zinc Oxide, Caprylic/Capric Triglyceride, Silica, Iron Oxides",1,0,0,0,0,1,No
Cleanser,HERBIVORE,HERBIVORE Kalie Squalane Cleanser #1355,96.31,3.6,"Water, Ascorbic Acid, Ferulic Acid, Panthenol, Xanthan Gum, Citric Acid, Disodium EDTA",1,1,1,1,0,4,No
Eye Cream,SK-II,SK-II Autocorrect Brightening Eye Cream #1356,121.44,4.5,"Water, Lactic Acid, Glycolic Acid, Sodium Hydroxide, Centella Asiatica Extract, Allantoin",0,1,1,0,1,3,No
Cleanser,THE ORDINARY,THE ORDINARY Micellar Cleansing Water #1357,16.14,4.7,"Water, Butylene Glycol, Salicylic Acid, Camellia Sinensis Leaf Extract, Sodium Hyaluronate",1,1,1,0,0,3,No
Face Mask,BIOSSANCE,BIOSSANCE Babyfacial AHA/BHA Mask #1358,42.35,3.6,"Water, Glycerin, Dimethicone, Niacinamide, Hyaluronic Acid, Squalane, Tocopherol",0,1,0,0,1,2,No
Eye Cream,BIOSSANCE,BIOSSANCE Banana Bright Eye Crème #1359,70.55,3.8,"Water, Titanium Dioxide, Zinc Oxide, Caprylic/Capric Triglyceride, Silica, Iron Oxides",0,1,1,1,1,4,No
Face Mask,TULA,TULA Clay Detox Mask #1360,57.36,4.1,"Water, Butylene Glycol, Salicylic Acid, Camellia Sinensis Leaf Extract, Sodium Hyaluronate",1,1,1,1,0,4,No
Face Mask,ESTÉE LAUDER,ESTÉE LAUDER Water Sleeping Mask #1361,51.02,4.0,"Water, Butylene Glycol, Salicylic Acid, Camellia Sinensis Leaf Extract, Sodium Hyaluronate",1,1,0,1,1,4,No
Sun Protect,THE ORDINARY,THE ORDINARY Hydro UV Defense SPF 50 #1362,17.46,4.1,"Water, Glycerin, Dimethicone, Niacinamide, Hyaluronic Acid, Squalane, Tocopherol",0,0,1,1,1,3,No
Face Mask,KORA ORGANICS,KORA ORGANICS Sheet Mask Hydrating #1363,62.3,4.0,"Water, Retinol, Ceramide NP, Cholesterol, Phytosphingosine, Phenoxyethanol, Ethylhexylglycerin",1,0,1,1,0,3,No
Treatment,MARIO BADESCU,MARIO BADESCU Retinol Reform #1364,38.49,4.7,"Water, Titanium Dioxide, Zinc Oxide, Caprylic/Capric Triglyceride, Silica, Iron Oxides",1,1,0,1,1,4,No
Cleanser,KIEHL'S SINCE 1851,KIEHL'S SINCE 1851 Gentle Skin Cleanser #1365,31.94,4.4,"Water, Glycerin, Dimethicone, Niacinamide, Hyaluronic Acid, Squalane, Tocopherol",1,1,1,1,0,4,No
Treatment,SEPHORA COLLECTION,SEPHORA COLLECTION Hyaluronic Acid 2% + B5 #1366,11.18,4.8,"Water, Butylene Glycol, Salicylic Acid, Camellia Sinensis Leaf Extract, Sodium Hyaluronate",0,0,1,1,0,2,No
Moisturizer,TATCHA,TATCHA Dewy Skin Cream #1367,284.84,4.6,"Water, Titanium Dioxide, Zinc Oxide, Caprylic/Capric Triglyceride, Silica, Iron Oxides",1,0,0,1,0,2,No
Cleanser,SK-II,SK-II Special Cleansing Gel #1368,269.76,3.5,"Water, Glycerin, Dimethicone, Niacinamide, Hyaluronic Acid, Squalane, Tocopherol",1,1,1,1,0,4,No
Sun Protect,GLOW RECIPE,GLOW RECIPE Mineral Mattescreen SPF 30 #1369,69.89,3.7,"Water, Glycerin, Dimethicone, Niacinamide, Hyaluronic Acid, Squalane, Tocopherol",1,1,1,1,1,5,Yes
Face Mask,CLINIQUE,CLINIQUE Water Sleeping Mask #1370,28.16,3.6,"Water, Butylene Glycol, Salicylic Acid, Camellia Sinensis Leaf Extract, Sodium Hyaluronate",1,0,1,1,0,3,No
Face Mask,GLOW RECIPE,GLOW RECIPE Sheet Mask Hydrating #1371,33.45,3.8,"Water, Titanium Dioxide, Zinc Oxide, Caprylic/Capric Triglyceride, Silica, Iron Oxides",1,1,0,0,1,3,No
Treatment,DERMALOGICA,DERMALOGICA Niacinamide 10% + Zinc 1% #1372,82.27,4.0,"Water, Ascorbic Acid, Ferulic Acid, Panthenol, Xanthan Gum, Citric Acid, Disodium EDTA",0,1,1,1,0,3,No
Eye Cream,DRAUNK ELEPHANT,DRAUNK ELEPHANT Autocorrect Brightening Eye Cream #1373,67.27,4.1,"Water, Glycerin, Dimethicone, Niacinamide, Hyaluronic Acid, Squalane, Tocopherol",1,1,1,1,1,5,Yes
Eye Cream,DRAUNK ELEPHANT,DRAUNK ELEPHANT Avocado Melt Retinol Eye Cream #1374,56.33,4.0,"Water, Lactic Acid, Glycolic Acid, Sodium Hydroxide, Centella Asiatica Extract, Allantoin",0,1,1,0,1,3,No
Sun Protect,SEPHORA COLLECTION,SEPHORA COLLECTION UV Clear Broad-Spectrum #1375,19.98,4.6,"Water, Titanium Dioxide, Zinc Oxide, Caprylic/Capric Triglyceride, Silica, Iron Oxides",1,0,0,0,0,1,No
Moisturizer,PAULA'S CHOICE,PAULA'S CHOICE Honeymoon Glow AHA #1376,45.75,4.0,"Water, Titanium Dioxide, Zinc Oxide, Caprylic/Capric Triglyceride, Silica, Iron Oxides",0,0,1,1,0,2,No
Face Mask,TATCHA,TATCHA Water Sleeping Mask #1377,369.84,4.7,"Water, Glycerin, Dimethicone, Niacinamide, Hyaluronic Acid, Squalane, Tocopherol",1,0,1,1,1,4,No
Face Mask,KORA ORGANICS,KORA ORGANICS Jet Lag Mask #1378,75.45,3.9,"Water, Ascorbic Acid, Ferulic Acid, Panthenol, Xanthan Gum, Citric Acid, Disodium EDTA",0,1,0,1,0,2,No
Treatment,LANCÔME,LANCÔME Resurfacing Serum #1379,103.29,3.6,"Water, Glycerin, Dimethicone, Niacinamide, Hyaluronic Acid, Squalane, Tocopherol",1,0,1,1,0,3,No
Sun Protect,KORA ORGANICS,KORA ORGANICS City Sunscreen Serum #1380,26.08,4.0,"Water, Ascorbic Acid, Ferulic Acid, Panthenol, Xanthan Gum, Citric Acid, Disodium EDTA",0,0,1,1,0,2,No
Moisturizer,KORA ORGANICS,KORA ORGANICS Dewy Skin Cream #1381,34.6,4.1,"Water, Retinol, Ceramide NP, Cholesterol, Phytosphingosine, Phenoxyethanol, Ethylhexylglycerin",0,1,1,0,1,3,No
Treatment,SUPERGOOP!,SUPERGOOP! Resurfacing Serum #1382,36.38,4.5,"Water, Butylene Glycol, Salicylic Acid, Camellia Sinensis Leaf Extract, Sodium Hyaluronate",1,1,1,1,0,4,No
Moisturizer,DRUNK ELEPHANT,DRUNK ELEPHANT The True Cream Aqua Bomb #1383,25.04,3.6,"Water, Retinol, Ceramide NP, Cholesterol, Phytosphingosine, Phenoxyethanol, Ethylhexylglycerin",1,1,1,1,0,4,No
Cleanser,LA MER,LA MER Green Clean Makeup Mending Cleansing Balm #1384,142.38,3.5,"Water, Titanium Dioxide, Zinc Oxide, Caprylic/Capric Triglyceride, Silica, Iron Oxides",0,1,1,1,0,3,No
Sun Protect,LANEIGE,LANEIGE Unseen Sunscreen SPF 40 #1385,30.88,4.1,"Water, Lactic Acid, Glycolic Acid, Sodium Hydroxide, Centella Asiatica Extract, Allantoin",1,1,1,1,0,4,No
Eye Cream,SEPHORA COLLECTION,SEPHORA COLLECTION Peptide Eye Complex #1386,17.23,4.5,"Water, Ascorbic Acid, Ferulic Acid, Panthenol, Xanthan Gum, Citric Acid, Disodium EDTA",1,1,1,1,1,5,Yes
Face Mask,HERBIVORE,HERBIVORE Superberry Hydrate + Glow Dream Mask #1387,104.83,3.9,"Water, Titanium Dioxide, Zinc Oxide, Caprylic/Capric Triglyceride, Silica, Iron Oxides",0,1,1,1,1,4,No
Cleanser,PAULA'S CHOICE,PAULA'S CHOICE Special Cleansing Gel #1388,99.74,3.8,"Water, Butylene Glycol, Salicylic Acid, Camellia Sinensis Leaf Extract, Sodium Hyaluronate",1,0,0,1,1,3,No
Eye Cream,IT COSMETICS,IT COSMETICS Concentrate Eye Cream #1389,30.98,3.6,"Water, Retinol, Ceramide NP, Cholesterol, Phytosphingosine, Phenoxyethanol, Ethylhexylglycerin",1,0,1,1,1,4,No
Face Mask,SEPHORA COLLECTION,SEPHORA COLLECTION Babyfacial AHA/BHA Mask #1390,14.1,3.4,"Water, Lactic Acid, Glycolic Acid, Sodium Hydroxide, Centella Asiatica Extract, Allantoin",1,0,1,1,1,4,No
Face Mask,ESTÉE LAUDER,ESTÉE LAUDER Babyfacial AHA/BHA Mask #1391,60.99,3.8,"Water, Butylene Glycol, Salicylic Acid, Camellia Sinensis Leaf Extract, Sodium Hyaluronate",1,0,1,1,1,4,No
Moisturizer,BELIF,BELIF The Water Cream #1392,31.08,4.5,"Water, Butylene Glycol, Salicylic Acid, Camellia Sinensis Leaf Extract, Sodium Hyaluronate",0,1,1,0,1,3,No
Moisturizer,MARIO BADESCU,MARIO BADESCU Protini Polypeptide Cream #1393,26.81,3.8,"Water, Lactic Acid, Glycolic Acid, Sodium Hydroxide, Centella Asiatica Extract, Allantoin",1,1,1,0,0,3,No
Treatment,BELIF,BELIF Luna Sleeping Night Oil #1394,109.68,3.5,"Water, Glycerin, Dimethicone, Niacinamide, Hyaluronic Acid, Squalane, Tocopherol",1,1,1,1,1,5,Yes
Moisturizer,HERBIVORE,HERBIVORE Dewy Skin Cream #1395,49.06,4.7,"Water, Glycerin, Dimethicone, Niacinamide, Hyaluronic Acid, Squalane, Tocopherol",1,1,1,1,0,4,No
Cleanser,TULA,TULA Green Clean Makeup Mending Cleansing Balm #1396,66.69,3.7,"Water, Lactic Acid, Glycolic Acid, Sodium Hydroxide, Centella Asiatica Extract, Allantoin",1,1,1,0,1,4,No
Face Mask,OLEHENRIKSEN,OLEHENRIKSEN Clay Detox Mask #1397,50.35,4.4,"Water, Retinol, Ceramide NP, Cholesterol, Phytosphingosine, Phenoxyethanol, Ethylhexylglycerin",0,1,1,1,0,3,No
Cleanser,DERMALOGICA,DERMALOGICA Gentle Skin Cleanser #1398,84.48,3.5,"Water, Glycerin, Dimethicone, Niacinamide, Hyaluronic Acid, Squalane, Tocopherol",1,1,1,1,0,4,No
Cleanser,SUNDAY RILEY,SUNDAY RILEY Superfood Antioxidant Cleanser #1399,90.25,4.4,"Water, Ascorbic Acid, Ferulic Acid, Panthenol, Xanthan Gum, Citric Acid, Disodium EDTA",1,1,0,1,1,4,No
Sun Protect,FIRST AID BEAUTY,FIRST AID BEAUTY Hydro UV Defense SPF 50 #1400,42.04,4.1,"Water, Glycerin, Dimethicone, Niacinamide, Hyaluronic Acid, Squalane, Tocopherol",1,1,0,0,0,2,No
Moisturizer,TATCHA,TATCHA Crème de la Mer #1401,338.93,4.6,"Water, Retinol, Ceramide NP, Cholesterol, Phytosphingosine, Phenoxyethanol, Ethylhexylglycerin",1,1,0,1,0,3,No
Face Mask,CLINIQUE,CLINIQUE Charcoal Pore Minimizing Mask #1402,52.11,4.9,"Water, Retinol, Ceramide NP, Cholesterol, Phytosphingosine, Phenoxyethanol, Ethylhexylglycerin",1,1,1,0,0,3,No
Face Mask,KIEHL'S SINCE 1851,KIEHL'S SINCE 1851 Babyfacial AHA/BHA Mask #1403,99.29,3.9,"Water, Glycerin, Dimethicone, Niacinamide, Hyaluronic Acid, Squalane, Tocopherol",1,1,0,1,0,3,No
Sun Protect,GLOW RECIPE,GLOW RECIPE UV Clear Broad-Spectrum #1404,27.31,3.4,"Water, Lactic Acid, Glycolic Acid, Sodium Hydroxide, Centella Asiatica Extract, Allantoin",1,0,1,1,1,4,No
Face Mask,TULA,TULA Water Sleeping Mask #1405,42.15,3.9,"Water, Titanium Dioxide, Zinc Oxide, Caprylic/Capric Triglyceride, Silica, Iron Oxides",1,1,1,1,1,5,Yes
Face Mask,CAUDALIE,CAUDALIE Clay Detox Mask #1406,109.72,4.1,"Water, Lactic Acid, Glycolic Acid, Sodium Hydroxide, Centella Asiatica Extract, Allantoin",1,1,0,1,1,4,No
Face Mask,DERMALOGICA,DERMALOGICA Clay Detox Mask #1407,73.18,4.8,"Water, Ascorbic Acid, Ferulic Acid, Panthenol, Xanthan Gum, Citric Acid, Disodium EDTA",1,1,1,1,1,5,Yes
Cleanser,SHISEIDO,SHISEIDO Foaming Facial Cleanser #1408,46.82,4.2,"Water, Glycerin, Dimethicone, Niacinamide, Hyaluronic Acid, Squalane, Tocopherol",1,1,1,1,1,5,Yes
Face Mask,TATCHA,TATCHA Jet Lag Mask #1409,327.69,3.8,"Water, Ascorbic Acid, Ferulic Acid, Panthenol, Xanthan Gum, Citric Acid, Disodium EDTA",0,1,1,1,1,4,No
Eye Cream,ESTÉE LAUDER,ESTÉE LAUDER Lightful C Eye Cream #1410,80.87,3.8,"Water, Glycerin, Dimethicone, Niacinamide, Hyaluronic Acid, Squalane, Tocopherol",1,1,1,0,0,3,No
Moisturizer,KORA ORGANICS,KORA ORGANICS The Water Cream #1411,52.27,3.8,"Water, Retinol, Ceramide NP, Cholesterol, Phytosphingosine, Phenoxyethanol, Ethylhexylglycerin",1,1,1,1,0,4,No
Sun Protect,CAUDALIE,CAUDALIE Hydro UV Defense SPF 50 #1412,46.11,3.6,"Water, Retinol, Ceramide NP, Cholesterol, Phytosphingosine, Phenoxyethanol, Ethylhexylglycerin",1,1,1,1,0,4,No
Treatment,KATE SOMERVILLE,KATE SOMERVILLE Good Genes All-In-One Lactic Acid #1413,30.56,3.6,"Water, Glycerin, Dimethicone, Niacinamide, Hyaluronic Acid, Squalane, Tocopherol",1,1,1,1,0,4,No
Moisturizer,SUPERGOOP!,SUPERGOOP! Lala Retro Whipped Cream #1414,34.44,4.5,"Water, Ascorbic Acid, Ferulic Acid, Panthenol, Xanthan Gum, Citric Acid, Disodium EDTA",0,1,0,1,1,3,No
Treatment,KIEHL'S SINCE 1851,KIEHL'S SINCE 1851 Vitamin C Brightening Serum #1415,39.17,4.6,"Water, Ascorbic Acid, Ferulic Acid, Panthenol, Xanthan Gum, Citric Acid, Disodium EDTA",1,1,1,1,0,4,No
Cleanser,IT COSMETICS,IT COSMETICS Gentle Skin Cleanser #1416,68.9,4.4,"Water, Butylene Glycol, Salicylic Acid, Camellia Sinensis Leaf Extract, Sodium Hyaluronate",0,0,1,1,1,3,No
Face Mask,BELIF,BELIF Charcoal Pore Minimizing Mask #1417,68.07,4.6,"Water, Butylene Glycol, Salicylic Acid, Camellia Sinensis Leaf Extract, Sodium Hyaluronate",1,1,0,1,0,3,No
Sun Protect,LANEIGE,LANEIGE Defense Refresh Setting Mist #1418,90.29,4.0,"Water, Titanium Dioxide, Zinc Oxide, Caprylic/Capric Triglyceride, Silica, Iron Oxides",1,1,1,1,1,5,Yes
Cleanser,LA MER,LA MER Kalie Squalane Cleanser #1419,99.97,4.4,"Water, Lactic Acid, Glycolic Acid, Sodium Hydroxide, Centella Asiatica Extract, Allantoin",1,1,1,1,1,5,Yes
Moisturizer,CLINIQUE,CLINIQUE The Water Cream #1420,75.14,4.2,"Water, Glycerin, Dimethicone, Niacinamide, Hyaluronic Acid, Squalane, Tocopherol",1,1,0,1,1,4,No
Eye Cream,DRUNK ELEPHANT,DRUNK ELEPHANT Peptide Eye Complex #1421,51.27,3.9,"Water, Retinol, Ceramide NP, Cholesterol, Phytosphingosine, Phenoxyethanol, Ethylhexylglycerin",1,1,1,1,0,4,No
Sun Protect,CLINIQUE,CLINIQUE Hydro UV Defense SPF 50 #1422,46.21,4.0,"Water, Butylene Glycol, Salicylic Acid, Camellia Sinensis Leaf Extract, Sodium Hyaluronate",1,0,0,1,0,2,No
Moisturizer,LANEIGE,LANEIGE The True Cream Aqua Bomb #1423,87.52,4.0,"Water, Glycerin, Dimethicone, Niacinamide, Hyaluronic Acid, Squalane, Tocopherol",1,0,1,1,0,3,No
Eye Cream,BELIF,BELIF Concentrate Eye Cream #1424,33.75,4.9,"Water, Lactic Acid, Glycolic Acid, Sodium Hydroxide, Centella Asiatica Extract, Allantoin",1,1,1,0,1,4,No
Cleanser,TATCHA,TATCHA Superfood Antioxidant Cleanser #1425,185.33,4.5,"Water, Ascorbic Acid, Ferulic Acid, Panthenol, Xanthan Gum, Citric Acid, Disodium EDTA",1,0,1,1,1,4,No
Moisturizer,FIRST AID BEAUTY,FIRST AID BEAUTY Midnight Recovery Concentrate #1426,32.0,3.9,"Water, Titanium Dioxide, Zinc Oxide, Caprylic/Capric Triglyceride, Silica, Iron Oxides",1,1,1,1,1,5,Yes
Moisturizer,MARIO BADESCU,MARIO BADESCU Crème de la Mer #1427,64.35,3.9,"Water, Ascorbic Acid, Ferulic Acid, Panthenol, Xanthan Gum, Citric Acid, Disodium EDTA",1,0,1,0,1,3,No
Treatment,FRESH,FRESH Retinol Reform #1428,79.77,4.3,"Water, Glycerin, Dimethicone, Niacinamide, Hyaluronic Acid, Squalane, Tocopherol",1,1,1,0,0,3,No
Sun Protect,TULA,TULA Mineral Mattescreen SPF 30 #1429,109.11,3.4,"Water, Ascorbic Acid, Ferulic Acid, Panthenol, Xanthan Gum, Citric Acid, Disodium EDTA",1,1,0,0,1,3,No
Face Mask,ESTÉE LAUDER,ESTÉE LAUDER Clay Detox Mask #1430,81.35,3.7,"Water, Ascorbic Acid, Ferulic Acid, Panthenol, Xanthan Gum, Citric Acid, Disodium EDTA",1,0,1,1,1,4,No
Eye Cream,CAUDALIE,CAUDALIE Concentrate Eye Cream #1431,45.42,4.7,"Water, Glycerin, Dimethicone, Niacinamide, Hyaluronic Acid, Squalane, Tocopherol",0,0,0,1,1,2,No
Face Mask,LANCÔME,LANCÔME Sheet Mask Hydrating #1432,45.75,3.6,"Water, Butylene Glycol, Salicylic Acid, Camellia Sinensis Leaf Extract, Sodium Hyaluronate",1,1,1,1,0,4,No
Cleanser,DRUNK ELEPHANT,DRUNK ELEPHANT Green Clean Makeup Mending Cleansing Balm #1433,82.83,3.6,"Water, Butylene Glycol, Salicylic Acid, Camellia Sinensis Leaf Extract, Sodium Hyaluronate",1,1,1,0,1,4,No
Sun Protect,LA MER,LA MER UV Clear Broad-Spectrum #1434,126.02,3.7,"Water, Butylene Glycol, Salicylic Acid, Camellia Sinensis Leaf Extract, Sodium Hyaluronate",1,1,1,1,1,5,Yes
Face Mask,KORA ORGANICS,KORA ORGANICS Sheet Mask Hydrating #1435,47.66,4.4,"Water, Titanium Dioxide, Zinc Oxide, Caprylic/Capric Triglyceride, Silica, Iron Oxides",1,1,0,1,0,3,No
Sun Protect,THE ORDINARY,THE ORDINARY UV Clear Broad-Spectrum #1436,14.33,3.8,"Water, Glycerin, Dimethicone, Niacinamide, Hyaluronic Acid, Squalane, Tocopherol",1,1,0,1,0,3,No
Moisturizer,TATCHA,TATCHA Honeymoon Glow AHA #1437,247.04,3.7,"Water, Glycerin, Dimethicone, Niacinamide, Hyaluronic Acid, Squalane, Tocopherol",1,1,1,1,0,4,No
Face Mask,LA MER,LA MER Babyfacial AHA/BHA Mask #1438,322.85,4.2,"Water, Ascorbic Acid, Ferulic Acid, Panthenol, Xanthan Gum, Citric Acid, Disodium EDTA",0,0,1,0,1,2,No
Cleanser,HERBIVORE,HERBIVORE Micellar Cleansing Water #1439,106.86,3.8,"Water, Retinol, Ceramide NP, Cholesterol, Phytosphingosine, Phenoxyethanol, Ethylhexylglycerin",1,1,1,1,0,4,No
Sun Protect,LANEIGE,LANEIGE UV Clear Broad-Spectrum #1440,42.82,4.8,"Water, Ascorbic Acid, Ferulic Acid, Panthenol, Xanthan Gum, Citric Acid, Disodium EDTA",1,1,1,1,0,4,No
Sun Protect,BELIF,BELIF City Sunscreen Serum #1441,98.13,4.2,"Water, Lactic Acid, Glycolic Acid, Sodium Hydroxide, Centella Asiatica Extract, Allantoin",0,1,1,1,0,3,No
Treatment,SHISEIDO,SHISEIDO BHA Liquid Exfoliant #1442,89.17,4.4,"Water, Ascorbic Acid, Ferulic Acid, Panthenol, Xanthan Gum, Citric Acid, Disodium EDTA",1,1,1,0,1,4,No
Treatment,DRAUNK ELEPHANT,DRAUNK ELEPHANT Vitamin C Brightening Serum #1443,24.13,3.7,"Water, Glycerin, Dimethicone, Niacinamide, Hyaluronic Acid, Squalane, Tocopherol",1,1,1,1,0,4,No
Sun Protect,YOUTH TO THE PEOPLE,YOUTH TO THE PEOPLE Hydro UV Defense SPF 50 #1444,96.4,4.3,"Water, Ascorbic Acid, Ferulic Acid, Panthenol, Xanthan Gum, Citric Acid, Disodium EDTA",1,1,0,1,0,3,No
Cleanser,ORIGINS,ORIGINS Soy Face Cleanser #1445,97.77,3.9,"Water, Butylene Glycol, Salicylic Acid, Camellia Sinensis Leaf Extract, Sodium Hyaluronate",1,1,1,1,1,5,Yes
Sun Protect,SUNDAY RILEY,SUNDAY RILEY Unseen Sunscreen SPF 40 #1446,72.6,3.6,"Water, Retinol, Ceramide NP, Cholesterol, Phytosphingosine, Phenoxyethanol, Ethylhexylglycerin",1,1,0,1,1,4,No
Moisturizer,SUPERGOOP!,SUPERGOOP! Protini Polypeptide Cream #1447,42.98,3.7,"Water, Lactic Acid, Glycolic Acid, Sodium Hydroxide, Centella Asiatica Extract, Allantoin",1,1,1,1,1,5,Yes
Moisturizer,HERBIVORE,HERBIVORE Dewy Skin Cream #1448,100.52,4.7,"Water, Glycerin, Dimethicone, Niacinamide, Hyaluronic Acid, Squalane, Tocopherol",1,1,1,1,0,4,No
Eye Cream,KATE SOMERVILLE,KATE SOMERVILLE Peptide Eye Complex #1449,78.1,4.5,"Water, Glycerin, Dimethicone, Niacinamide, Hyaluronic Acid, Squalane, Tocopherol",0,0,1,1,1,3,No
Cleanser,DRAUNK ELEPHANT,DRAUNK ELEPHANT Kalie Squalane Cleanser #1450,32.61,4.2,"Water, Butylene Glycol, Salicylic Acid, Camellia Sinensis Leaf Extract, Sodium Hyaluronate",1,1,0,1,0,3,No
Face Mask,FRESH,FRESH Jet Lag Mask #1451,87.55,4.9,"Water, Ascorbic Acid, Ferulic Acid, Panthenol, Xanthan Gum, Citric Acid, Disodium EDTA",1,0,1,0,0,2,No
Cleanser,DRUNK ELEPHANT,DRUNK ELEPHANT Gentle Skin Cleanser #1452,40.84,3.7,"Water, Butylene Glycol, Salicylic Acid, Camellia Sinensis Leaf Extract, Sodium Hyaluronate",1,1,1,1,0,4,No
Eye Cream,CLINIQUE,CLINIQUE Banana Bright Eye Crème #1453,34.14,4.8,"Water, Butylene Glycol, Salicylic Acid, Camellia Sinensis Leaf Extract, Sodium Hyaluronate",1,0,0,0,1,2,No
Cleanser,MARIO BADESCU,MARIO BADESCU Foaming Facial Cleanser #1454,24.66,4.0,"Water, Ascorbic Acid, Ferulic Acid, Panthenol, Xanthan Gum, Citric Acid, Disodium EDTA",1,1,1,1,0,4,No
Cleanser,SUNDAY RILEY,SUNDAY RILEY Gentle Skin Cleanser #1455,59.69,4.1,"Water, Titanium Dioxide, Zinc Oxide, Caprylic/Capric Triglyceride, Silica, Iron Oxides",1,0,1,1,0,3,No
Eye Cream,KATE SOMERVILLE,KATE SOMERVILLE Peptide Eye Complex #1456,72.79,4.8,"Water, Retinol, Ceramide NP, Cholesterol, Phytosphingosine, Phenoxyethanol, Ethylhexylglycerin",1,1,1,1,0,4,No
Eye Cream,ESTÉE LAUDER,ESTÉE LAUDER Peptide Eye Complex #1457,92.65,4.7,"Water, Butylene Glycol, Salicylic Acid, Camellia Sinensis Leaf Extract, Sodium Hyaluronate",0,0,0,1,1,2,No
Eye Cream,FARMACY,FARMACY Peptide Eye Complex #1458,34.9,3.5,"Water, Titanium Dioxide, Zinc Oxide, Caprylic/Capric Triglyceride, Silica, Iron Oxides",1,1,0,0,1,3,No
Eye Cream,GLOW RECIPE,GLOW RECIPE Lightful C Eye Cream #1459,99.32,4.6,"Water, Butylene Glycol, Salicylic Acid, Camellia Sinensis Leaf Extract, Sodium Hyaluronate",1,1,1,1,0,4,No
Eye Cream,KATE SOMERVILLE,KATE SOMERVILLE Banana Bright Eye Crème #1460,46.33,3.9,"Water, Butylene Glycol, Salicylic Acid, Camellia Sinensis Leaf Extract, Sodium Hyaluronate",1,1,0,1,0,3,No
Cleanser,PAULA'S CHOICE,PAULA'S CHOICE Green Clean Makeup Mending Cleansing Balm #1461,68.54,4.3,"Water, Glycerin, Dimethicone, Niacinamide, Hyaluronic Acid, Squalane, Tocopherol",0,1,1,1,0,3,No
Sun Protect,HERBIVORE,HERBIVORE City Sunscreen Serum #1462,26.58,4.5,"Water, Glycerin, Dimethicone, Niacinamide, Hyaluronic Acid, Squalane, Tocopherol",1,1,1,1,0,4,No
Sun Protect,KIEHL'S SINCE 1851,KIEHL'S SINCE 1851 Unseen Sunscreen SPF 40 #1463,83.16,4.1,"Water, Glycerin, Dimethicone, Niacinamide, Hyaluronic Acid, Squalane, Tocopherol",0,0,1,1,0,2,No
Treatment,ORIGINS,ORIGINS Hyaluronic Acid 2% + B5 #1464,81.81,4.6,"Water, Ascorbic Acid, Ferulic Acid, Panthenol, Xanthan Gum, Citric Acid, Disodium EDTA",1,0,1,0,1,3,No
Eye Cream,SEPHORA COLLECTION,SEPHORA COLLECTION Lightful C Eye Cream #1465,17.02,4.2,"Water, Lactic Acid, Glycolic Acid, Sodium Hydroxide, Centella Asiatica Extract, Allantoin",0,1,1,0,0,2,No
Eye Cream,DRUNK ELEPHANT,DRUNK ELEPHANT Concentrate Eye Cream #1466,56.63,3.5,"Water, Retinol, Ceramide NP, Cholesterol, Phytosphingosine, Phenoxyethanol, Ethylhexylglycerin",0,1,1,1,1,4,No
Sun Protect,SHISEIDO,SHISEIDO Mineral Mattescreen SPF 30 #1467,56.5,4.4,"Water, Glycerin, Dimethicone, Niacinamide, Hyaluronic Acid, Squalane, Tocopherol",1,0,1,1,1,4,No
Eye Cream,FARMACY,FARMACY Autocorrect Brightening Eye Cream #1468,59.52,4.6,"Water, Ascorbic Acid, Ferulic Acid, Panthenol, Xanthan Gum, Citric Acid, Disodium EDTA",1,0,1,1,0,3,No
Treatment,FRESH,FRESH Hyaluronic Acid 2% + B5 #1469,86.75,4.2,"Water, Glycerin, Dimethicone, Niacinamide, Hyaluronic Acid, Squalane, Tocopherol",0,1,0,0,0,1,No
Face Mask,DERMALOGICA,DERMALOGICA Clay Detox Mask #1470,54.54,4.9,"Water, Ascorbic Acid, Ferulic Acid, Panthenol, Xanthan Gum, Citric Acid, Disodium EDTA",1,1,1,1,0,4,No
Moisturizer,FARMACY,FARMACY Midnight Recovery Concentrate #1471,45.74,4.2,"Water, Ascorbic Acid, Ferulic Acid, Panthenol, Xanthan Gum, Citric Acid, Disodium EDTA",1,0,1,0,1,3,No
Face Mask,THE ORDINARY,THE ORDINARY Clay Detox Mask #1472,9.91,4.5,"Water, Butylene Glycol, Salicylic Acid, Camellia Sinensis Leaf Extract, Sodium Hyaluronate",1,1,1,0,0,3,No
